
        SystemC 2.3.3-Accellera --- Aug 17 2026 09:03:41
        Copyright (c) 1996-2018 by all Contributors,
        ALL RIGHTS RESERVED
B,36,9700,9720
B,63,9654,9745
B,63,9702,9777
B,93,9775,9781
B,43,9782,9792
B,0,9787,9805
B,63,9756,9809
B,43,9781,9824
B,63,9722,9841
B,43,9845,9856
B,63,9780,9873
B,43,9874,9888
B,63,9832,9905
B,79,9902,9906
B,43,9863,9920
B,1,9912,9922
B,63,9889,9937
B,43,9893,9952
B,38,9954,9968
B,63,9854,9969
B,43,9940,9984
B,63,9727,10001
B,2,9990,10004
B,37,10003,10013
B,43,9973,10016
B,63,9819,10033
B,43,9964,10048
B,63,9819,10065
B,43,9972,10080
B,3,10078,10088
B,36,10080,10090
B,0,10091,10097
B,63,9885,10097
B,43,10101,10112
B,1,10105,10115
B,2,10109,10123
B,63,9956,10129
B,75,10121,10131
B,0,10120,10134
B,37,10127,10137
B,43,10082,10144
B,63,10077,10161
B,37,10125,10169
B,57,10162,10170
B,43,10081,10176
B,73,10179,10185
B,63,10075,10193
B,43,10117,10208
B,3,10209,10219
B,63,10162,10225
B,0,10218,10232
B,73,10230,10236
B,43,10132,10240
B,63,9896,10257
B,39,10257,10263
B,2,10265,10271
B,43,10216,10272
B,3,10269,10283
B,1,10270,10286
B,36,10279,10293
B,43,10168,10304
B,63,10305,10313
B,43,10194,10336
B,63,10330,10345
B,9,10336,10350
B,63,10331,10377
B,43,10388,10396
B,0,10389,10399
B,89,10389,10401
B,63,10378,10409
B,51,10402,10412
B,43,10411,10428
B,36,10423,10435
B,63,10414,10441
B,43,10390,10460
B,63,10418,10473
B,63,10424,10505
B,43,10504,10514
B,2,10521,10535
B,63,10484,10537
B,82,10536,10544
B,43,10504,10546
B,90,10535,10547
B,36,10535,10549
B,1,10550,10556
B,63,10444,10569
B,2,10557,10571
B,37,10586,10600
B,63,10500,10601
B,75,10593,10603
B,43,10597,10605
B,1,10600,10610
B,63,10482,10633
B,43,10598,10637
B,63,10478,10665
B,43,10657,10669
B,63,10570,10697
B,43,10634,10701
B,38,10701,10707
B,46,10701,10711
B,15,10709,10721
B,63,10530,10729
B,43,10639,10733
B,37,10733,10743
B,63,10593,10761
B,43,10684,10765
B,36,10724,10768
B,37,10759,10775
B,63,10742,10793
B,43,10737,10797
B,93,10800,10806
B,36,10727,10808
B,2,10803,10813
B,63,10684,10825
B,43,10730,10829
B,18,10839,10847
B,63,10701,10857
B,43,10843,10861
B,63,10534,10889
B,43,10757,10893
B,81,10893,10901
B,63,10654,10921
B,43,10797,10925
B,73,10909,10931
B,0,10935,10949
B,93,10946,10952
B,63,10854,10953
B,43,10918,10957
B,72,10924,10965
B,63,10816,10985
B,43,10664,10989
B,88,10985,10995
B,74,11003,11011
B,63,10897,11017
B,43,10883,11021
B,1,11018,11024
B,63,10516,11049
B,43,11008,11053
B,39,11044,11058
B,1,11051,11061
B,63,11053,11081
B,43,10831,11085
B,3,11082,11088
B,63,10539,11113
B,43,11090,11117
B,21,11116,11122
B,51,11113,11123
B,39,11108,11128
B,73,11139,11145
B,63,11127,11145
B,43,11134,11149
B,36,11151,11163
B,2,11158,11172
B,63,11111,11177
B,43,10956,11181
B,95,11173,11183
B,63,10894,11209
B,43,10901,11213
B,75,11211,11221
B,63,11137,11241
B,43,11166,11245
B,63,11099,11273
B,43,11206,11277
B,81,11274,11282
B,63,11270,11305
B,43,11081,11309
B,63,10813,11337
B,43,11041,11341
B,46,11350,11360
B,63,11294,11369
B,43,11359,11373
B,38,11324,11373
B,90,11370,11382
B,81,11381,11389
B,80,11388,11394
B,63,11272,11401
B,43,11130,11405
B,63,11086,11433
B,43,11373,11437
B,2,11442,11452
B,63,11276,11465
B,43,11322,11469
B,63,11400,11497
B,43,11206,11501
B,0,11494,11504
B,81,11501,11509
B,63,11374,11529
B,43,11170,11533
B,82,11503,11543
B,63,11310,11561
B,43,11513,11565
B,17,11568,11584
B,63,11306,11593
B,43,11574,11597
B,95,11591,11601
B,63,11476,11625
B,43,11319,11629
B,63,11569,11657
B,43,11598,11661
B,37,11390,11663
B,63,11308,11689
B,43,11414,11693
B,38,11422,11693
B,58,11696,11706
B,63,11406,11721
B,43,11246,11725
B,38,11517,11725
B,63,11729,11753
B,43,11274,11757
B,63,11731,11785
B,43,11372,11789
B,63,11761,11817
B,39,11813,11819
B,43,11380,11821
B,9,11829,11843
B,63,11832,11849
B,0,11837,11851
B,43,11548,11853
B,38,11702,11853
B,2,11859,11873
B,63,11821,11881
B,43,11869,11885
B,0,11880,11890
B,53,11882,11896
B,63,11375,11913
B,43,11399,11917
B,72,11919,11925
B,22,11926,11934
B,63,11877,11945
B,43,11840,11949
B,74,11968,11976
B,63,11686,11977
B,43,11576,11981
B,39,11995,12005
B,63,11789,12009
B,43,11670,12013
B,79,12008,12018
B,38,12028,12038
B,63,11993,12041
B,43,11811,12045
B,73,12045,12051
B,2,12055,12065
B,38,12044,12070
B,63,12053,12073
B,43,11753,12077
B,73,12051,12083
B,39,11875,12083
B,2,12086,12097
B,63,11840,12105
B,43,11954,12109
B,94,12118,12126
B,75,12124,12134
B,63,11905,12137
B,43,12127,12141
B,38,12136,12142
B,50,12144,12152
B,90,12141,12162
B,74,12130,12164
B,63,12136,12169
B,43,11601,12173
B,38,12140,12174
B,63,12186,12202
B,43,11911,12205
B,57,12197,12205
B,43,12158,12237
B,1,12254,12264
B,43,12213,12269
B,63,12265,12269
B,43,12050,12301
B,43,12061,12333
B,63,12317,12333
B,43,12342,12365
B,63,12359,12367
B,3,12377,12391
B,43,12383,12397
B,63,12358,12399
B,63,12410,12431
B,43,12429,12441
B,63,12384,12463
B,43,12453,12473
B,63,12423,12495
B,73,12492,12498
B,39,12494,12500
B,43,12452,12505
B,72,12501,12509
B,63,12413,12527
B,43,12489,12537
B,37,12524,12538
B,57,12531,12539
B,74,12548,12556
B,36,12549,12559
B,63,12452,12559
B,90,12553,12565
B,43,12527,12569
B,1,12561,12575
B,7,12563,12581
B,63,12546,12591
B,43,12532,12601
B,21,12601,12607
B,63,12553,12623
B,43,12548,12633
B,46,12633,12643
B,63,12618,12655
B,38,12645,12659
B,43,12541,12665
B,63,12660,12687
B,43,12609,12697
B,93,12692,12698
B,63,12622,12719
B,45,12713,12725
B,43,12500,12729
B,0,12721,12735
B,63,12662,12751
B,43,12626,12761
B,63,12739,12783
B,23,12780,12790
B,37,12773,12792
B,43,12564,12793
B,72,12806,12814
B,2,12804,12814
B,63,12747,12815
B,38,12797,12821
B,39,12816,12822
B,43,12747,12825
B,8,12829,12845
B,63,12716,12847
B,37,12836,12854
B,43,12702,12857
B,63,12747,12879
B,36,12835,12888
B,43,12779,12889
B,63,12754,12911
B,36,12874,12920
B,43,12808,12921
B,37,12786,12922
B,39,12918,12924
B,63,12804,12943
B,43,12787,12953
B,1,12953,12959
B,63,12829,12975
B,43,12972,12985
B,63,12876,13007
B,93,13010,13016
B,43,12968,13017
B,63,12987,13039
B,43,13032,13049
B,63,13042,13071
B,39,13064,13074
B,43,12868,13081
B,75,13088,13098
B,63,13083,13103
B,43,12977,13113
B,87,13115,13123
B,63,13127,13135
B,43,12871,13145
B,2,13137,13151
B,38,13155,13161
B,15,13152,13164
B,63,13142,13167
B,43,13058,13177
B,37,13181,13195
B,63,13148,13199
B,1,13201,13207
B,43,13021,13209
B,63,13167,13231
B,43,12898,13241
B,39,13234,13244
B,45,13240,13252
B,63,13240,13263
B,43,13077,13273
B,63,13250,13295
B,93,13292,13298
B,43,13011,13305
B,36,13282,13309
B,63,13149,13327
B,43,13203,13337
B,3,13337,13347
B,37,13345,13351
B,63,13331,13359
B,39,13350,13360
B,43,12947,13369
B,0,13374,13384
B,63,13235,13391
B,43,13303,13401
B,37,13394,13408
B,63,13283,13423
B,43,12956,13433
B,63,13249,13455
B,43,13354,13465
B,36,13468,13482
B,63,13441,13487
B,82,13486,13496
B,43,13420,13497
B,63,13497,13519
B,43,13309,13529
B,2,13520,13530
B,21,13536,13542
B,39,13536,13550
B,63,13522,13551
B,43,13524,13561
B,63,13503,13583
B,43,13424,13593
B,37,13573,13602
B,9,13597,13611
B,63,13583,13615
B,43,13432,13625
B,37,13575,13634
B,74,13630,13638
B,43,13559,13657
B,43,13298,13689
B,3,13684,13690
B,63,13682,13698
B,43,13552,13721
B,0,13718,13728
B,63,13702,13730
B,4,13720,13734
B,43,13600,13753
B,63,13716,13762
B,16,13757,13771
B,74,13765,13773
B,37,13773,13783
B,43,13629,13785
B,18,13786,13794
B,63,13762,13794
B,43,13694,13817
B,63,13722,13826
B,43,13609,13849
B,3,13842,13856
B,63,13710,13858
B,74,13863,13871
B,43,13641,13881
B,39,13872,13886
B,63,13771,13890
B,43,13659,13913
B,36,13807,13917
B,63,13729,13922
B,7,13906,13924
B,0,13935,13945
B,43,13660,13945
B,63,13925,13954
B,43,13813,13977
B,63,13735,13986
B,36,13992,14004
B,43,13916,14009
B,63,14009,14018
B,88,14016,14026
B,36,14000,14036
B,43,14018,14041
B,63,13793,14050
B,1,14027,14064
B,43,14045,14073
B,63,14050,14082
B,2,14054,14093
B,46,14083,14093
B,1,14040,14096
B,38,14093,14103
B,43,14043,14105
B,63,14016,14114
B,39,14113,14119
B,0,14130,14136
B,43,14013,14137
B,63,13847,14146
B,43,14018,14169
B,63,14036,14178
B,39,14171,14181
B,36,14096,14201
B,43,14110,14201
B,63,13907,14210
B,87,14203,14211
B,43,14187,14233
B,81,14233,14241
B,63,14213,14242
B,43,14215,14265
B,63,13941,14274
B,79,14271,14275
B,43,14251,14297
B,63,14285,14306
B,38,14302,14316
B,0,14311,14325
B,43,14292,14329
B,63,13967,14338
B,43,14066,14361
B,44,14353,14367
B,63,14280,14370
B,89,14369,14381
B,38,14377,14383
B,63,14334,14402
B,94,14375,14409
B,39,14416,14422
B,43,14354,14423
B,81,14417,14425
B,63,14118,14434
B,43,14369,14455
B,3,14457,14463
B,63,14357,14466
B,43,14481,14493
B,63,14266,14498
B,43,14493,14525
B,63,14325,14530
B,73,14528,14534
B,37,14535,14541
B,2,14550,14556
B,43,14515,14557
B,63,14302,14562
B,43,14561,14589
B,63,14278,14594
B,75,14590,14600
B,0,14608,14626
B,63,14528,14626
B,7,14614,14654
B,63,14295,14658
B,43,14669,14677
B,63,14474,14690
B,0,14686,14692
B,43,14658,14709
B,63,14299,14722
B,89,14722,14734
B,43,14719,14741
B,63,14339,14754
B,43,14702,14773
B,86,14769,14779
B,63,14490,14786
B,43,14752,14805
B,88,14774,14811
B,37,14809,14815
B,63,14618,14818
B,15,14812,14824
B,3,14821,14835
B,43,14758,14837
B,86,14830,14843
B,63,14658,14850
B,43,14830,14869
B,63,14754,14882
B,38,14886,14900
B,94,14892,14900
B,36,14891,14901
B,43,14744,14901
B,63,14756,14914
B,3,14908,14918
B,43,14835,14933
B,37,14926,14936
B,63,14794,14946
B,0,14936,14950
B,3,14950,14956
B,43,14926,14965
B,63,14469,14978
B,43,14886,14997
B,36,14985,14999
B,63,14515,15010
B,43,14965,15029
B,38,15025,15035
B,0,15030,15036
B,63,14889,15042
B,79,15044,15054
B,3,15058,15064
B,38,15050,15067
B,63,14892,15074
B,89,15076,15088
B,43,15079,15091
B,38,15085,15099
B,82,15091,15099
B,75,15093,15103
B,63,14912,15106
B,43,15108,15123
B,63,15019,15138
B,63,15047,15170
B,43,15166,15174
B,46,15164,15174
B,63,14708,15202
B,87,15199,15207
B,43,15205,15217
B,80,15213,15219
B,2,15206,15220
B,63,14783,15234
B,81,15227,15235
B,43,15234,15249
B,63,14918,15266
B,43,15280,15284
B,82,15278,15288
B,38,15282,15296
B,63,15143,15298
B,3,15299,15309
B,10,15306,15318
B,63,15216,15330
B,39,15328,15342
B,63,15299,15362
B,39,15344,15374
B,2,15384,15390
B,63,15158,15394
B,0,15400,15406
B,39,15391,15406
B,63,14806,15426
B,43,15431,15439
B,2,15435,15445
B,18,15441,15449
B,63,14864,15458
B,43,15447,15471
B,45,15464,15476
B,63,15353,15490
B,43,15448,15503
B,63,15418,15522
B,63,14509,15554
B,82,15561,15571
B,37,15557,15575
B,63,15496,15586
B,3,15588,15602
B,43,15593,15605
B,0,15596,15606
B,37,15593,15607
B,63,14982,15618
B,43,15605,15637
B,63,15091,15650
B,3,15645,15655
B,43,15597,15669
B,1,15666,15680
B,63,15485,15682
B,43,15659,15701
B,63,15496,15714
B,90,15705,15717
B,43,15647,15733
B,39,15721,15735
B,63,15551,15746
B,43,15707,15765
B,93,15767,15773
B,63,15728,15778
B,39,15790,15796
B,43,15759,15797
B,63,15665,15810
B,43,15716,15829
B,36,15826,15836
B,52,15824,15836
B,2,15826,15840
B,63,15811,15842
B,43,15789,15861
B,2,15863,15872
B,63,15346,15874
B,37,15869,15883
B,43,15737,15893
B,63,15272,15906
B,37,15877,15915
B,43,15786,15925
B,57,15919,15927
B,46,15919,15929
B,1,15916,15930
B,3,15919,15931
B,63,15516,15938
B,38,15929,15944
B,43,15701,15957
B,63,15694,15970
B,43,15929,15989
B,63,15837,16002
B,38,15988,16004
B,39,16000,16006
B,43,15896,16021
B,63,15598,16034
B,43,15943,16053
B,63,15904,16066
B,54,16065,16075
B,75,16068,16078
B,43,15995,16085
B,63,14882,16098
B,2,16098,16104
B,43,15787,16117
B,90,16106,16118
B,63,16106,16130
B,36,16122,16136
B,43,16036,16149
B,3,16138,16150
B,63,15642,16162
B,43,15888,16181
B,63,16155,16194
B,95,16197,16207
B,43,16156,16213
B,63,15903,16226
B,89,16215,16241
B,43,16191,16245
B,63,16219,16258
B,36,16257,16271
B,1,16269,16275
B,43,15987,16277
B,63,16019,16290
B,2,16271,16305
B,86,16297,16307
B,43,16252,16309
B,63,15520,16322
B,1,16297,16339
B,43,16295,16341
B,63,16316,16354
B,43,16353,16373
B,63,15736,16386
B,43,16338,16405
B,63,16362,16418
B,0,16417,16431
B,43,16373,16437
B,95,16432,16442
B,63,16139,16450
B,2,16438,16459
B,43,16392,16469
B,39,16467,16477
B,63,16027,16482
B,2,16467,16491
B,43,16368,16501
B,3,16487,16501
B,63,16211,16514
B,43,16303,16533
B,94,16529,16537
B,63,15639,16546
B,0,16548,16558
B,43,16549,16565
B,63,16496,16578
B,87,16581,16589
B,0,16550,16590
B,43,16389,16597
B,63,16274,16610
B,43,16603,16629
B,38,16558,16629
B,0,16613,16631
B,63,16526,16642
B,43,16588,16661
B,63,16315,16674
B,44,16666,16680
B,43,16562,16693
B,63,16588,16706
B,39,16707,16717
B,43,16547,16725
B,63,16389,16738
B,43,16590,16757
B,63,15851,16770
B,0,16766,16772
B,37,16774,16784
B,43,16659,16789
B,3,16781,16795
B,63,16064,16802
B,43,16794,16821
B,3,16800,16827
B,63,15932,16834
B,22,16839,16847
B,43,16845,16853
B,2,16845,16860
B,63,16420,16866
B,39,16868,16882
B,43,16759,16885
B,38,16876,16886
B,63,16556,16898
B,75,16906,16916
B,43,16884,16917
B,39,16915,16925
B,63,16602,16930
B,43,16941,16949
B,36,16946,16960
B,22,16952,16960
B,63,16800,16962
B,73,16968,16974
B,43,16884,16981
B,63,16148,16994
B,39,16876,16995
B,43,16911,17013
B,63,16859,17026
B,43,16973,17045
B,63,16155,17058
B,39,17049,17059
B,0,17032,17073
B,43,17048,17077
B,63,17021,17090
B,43,16980,17109
B,63,15934,17122
B,51,17093,17125
B,23,17119,17129
B,43,17008,17141
B,82,17137,17147
B,63,16358,17154
B,43,17129,17173
B,63,16541,17186
B,0,17180,17190
B,37,17186,17196
B,87,17196,17204
B,43,17092,17205
B,63,16879,17218
B,43,17071,17237
B,63,16852,17250
B,43,17242,17269
B,2,17263,17273
B,38,17267,17282
B,63,17182,17282
B,80,17294,17300
B,37,17295,17301
B,43,17031,17301
B,63,17223,17314
B,39,17271,17318
B,43,17141,17333
B,63,17223,17346
B,39,17354,17360
B,43,17045,17365
B,63,17324,17378
B,73,17378,17384
B,43,17229,17397
B,37,17393,17399
B,63,17170,17410
B,90,17401,17413
B,16,17374,17417
B,36,17416,17428
B,43,17282,17429
B,73,17424,17430
B,37,17408,17431
B,63,17223,17442
B,95,17438,17448
B,3,17454,17460
B,43,17293,17461
B,37,17446,17463
B,63,17276,17474
B,43,17456,17493
B,38,17484,17498
B,46,17491,17501
B,63,17348,17506
B,43,17324,17525
B,63,17398,17538
B,43,17418,17557
B,63,17481,17570
B,43,17185,17589
B,1,17584,17598
B,63,17555,17602
B,72,17607,17613
B,43,17397,17621
B,0,17620,17626
B,63,17564,17634
B,36,17623,17637
B,1,17633,17639
B,53,17544,17641
B,3,17637,17647
B,43,17296,17653
B,90,17651,17663
B,63,17377,17666
B,1,17651,17671
B,22,17668,17676
B,43,17598,17685
B,63,17636,17698
B,3,17689,17699
B,2,17659,17701
B,43,17676,17717
B,38,17710,17720
B,63,17701,17730
B,3,17695,17731
B,43,17682,17749
B,38,17741,17755
B,63,17560,17762
B,43,17643,17781
B,39,17769,17783
B,38,17772,17787
B,63,17686,17794
B,0,17795,17801
B,43,17510,17813
B,38,17781,17819
B,37,17814,17820
B,63,17751,17826
B,0,17791,17833
B,43,17774,17845
B,2,17842,17848
B,63,17847,17858
B,38,17862,17876
B,43,17375,17877
B,89,17873,17885
B,43,17769,17909
B,63,17905,17917
B,93,17931,17937
B,43,17776,17941
B,63,17943,17951
B,93,17952,17969
B,43,17580,17973
B,50,17979,17987
B,43,17795,18005
B,80,18022,18028
B,63,18022,18034
B,43,17939,18037
B,74,18045,18053
B,3,18055,18065
B,63,18031,18066
B,43,17855,18069
B,1,18060,18070
B,15,18059,18073
B,87,18089,18097
B,63,18041,18098
B,43,17451,18101
B,37,18100,18110
B,1,18106,18120
B,63,18086,18130
B,43,17991,18133
B,1,18140,18152
B,63,18138,18162
B,43,18043,18165
B,43,18143,18197
B,63,18196,18208
B,88,18199,18209
B,43,18057,18229
B,63,18235,18240
B,43,18014,18261
B,63,18244,18272
B,75,18276,18286
B,10,18274,18286
B,22,18281,18289
B,43,18104,18293
B,63,18287,18304
B,2,18308,18318
B,43,18293,18325
B,38,18317,18327
B,15,18321,18333
B,63,18319,18336
B,43,18002,18357
B,63,18318,18368
B,1,18377,18387
B,43,18228,18389
B,63,18384,18400
B,43,18306,18421
B,63,18406,18432
B,43,18316,18453
B,1,18440,18454
B,90,18457,18469
B,37,18476,18482
B,2,18438,18484
B,43,18393,18485
B,0,18451,18488
B,43,18390,18517
B,72,18521,18527
B,63,18517,18533
B,36,18525,18535
B,1,18539,18545
B,43,18464,18549
B,37,18522,18551
B,63,18522,18565
B,43,18166,18581
B,63,18573,18597
B,74,18603,18611
B,43,18191,18613
B,75,18611,18619
B,63,18619,18629
B,43,18386,18645
B,54,18641,18651
B,63,18567,18661
B,43,18444,18677
B,63,18668,18693
B,43,18264,18709
B,63,18689,18725
B,43,18697,18741
B,63,18734,18757
B,43,18662,18773
B,63,18721,18789
B,43,18606,18805
B,8,18795,18811
B,63,18766,18821
B,43,18768,18837
B,37,18836,18846
B,15,18836,18848
B,63,18787,18853
B,43,18699,18869
B,37,18848,18878
B,93,18872,18878
B,63,18799,18885
B,43,18868,18901
B,63,18908,18917
B,43,18792,18933
B,82,18927,18935
B,89,18936,18948
B,63,18879,18949
B,80,18957,18963
B,43,18767,18965
B,45,18960,18972
B,63,18914,18981
B,80,18960,18995
B,43,18717,18997
B,63,18967,19013
B,45,19007,19019
B,38,19015,19025
B,43,18952,19029
B,63,18991,19045
B,39,19036,19046
B,36,19045,19057
B,38,19035,19057
B,43,19045,19061
B,1,19061,19071
B,63,18876,19077
B,81,19078,19086
B,38,19061,19089
B,43,18710,19093
B,63,18946,19109
B,43,18832,19125
B,63,18916,19141
B,38,19150,19156
B,36,18728,19157
B,43,18972,19157
B,63,18979,19173
B,88,19172,19182
B,36,19002,19189
B,43,18715,19189
B,63,18975,19205
B,43,19018,19221
B,0,19208,19222
B,2,19208,19222
B,63,19054,19237
B,43,19208,19253
B,63,19142,19269
B,43,19205,19285
B,63,19153,19301
B,43,18776,19317
B,63,19004,19333
B,43,19264,19349
B,2,19344,19358
B,63,19135,19365
B,43,19101,19381
B,2,19378,19390
B,37,19383,19393
B,63,19073,19397
B,43,19388,19413
B,2,19384,19422
B,63,19386,19429
B,43,19143,19445
B,2,19413,19454
B,37,19423,19460
B,63,19440,19461
B,0,19454,19468
B,43,19352,19477
B,63,19437,19493
B,43,19392,19509
B,74,19513,19521
B,63,19510,19525
B,43,19173,19541
B,2,19540,19550
B,63,19510,19557
B,90,19550,19562
B,43,19408,19573
B,75,19565,19575
B,0,19567,19581
B,63,19577,19589
B,43,19120,19605
B,63,19619,19631
B,43,19423,19637
B,0,19636,19646
B,72,19645,19653
B,43,19342,19669
B,37,19675,19689
B,81,19686,19694
B,43,19364,19701
B,63,19694,19702
B,0,19699,19709
B,43,19469,19733
B,63,19716,19734
B,15,19729,19741
B,43,19265,19765
B,38,19554,19765
B,63,19709,19766
B,43,19764,19797
B,63,19774,19798
B,38,19795,19811
B,0,19809,19819
B,43,19557,19829
B,63,19811,19830
B,58,19821,19831
B,38,19829,19843
B,43,19508,19861
B,87,19854,19862
B,63,19739,19862
B,43,19480,19893
B,63,19809,19894
B,1,19891,19897
B,43,19390,19925
B,63,19791,19926
B,43,19608,19957
B,63,19857,19958
B,36,19940,19961
B,39,19949,19963
B,37,19970,19984
B,43,19289,19989
B,63,19818,19990
B,36,19997,20017
B,39,20006,20020
B,43,19678,20021
B,63,19931,20022
B,8,20010,20026
B,3,20028,20038
B,43,19489,20053
B,63,20012,20054
B,43,19727,20085
B,63,19959,20086
B,87,20081,20089
B,39,20076,20090
B,43,19866,20117
B,38,20066,20117
B,63,20024,20118
B,43,19396,20149
B,63,19912,20150
B,43,19693,20181
B,63,19993,20182
B,45,20174,20186
B,87,20201,20209
B,43,19959,20213
B,63,20098,20214
B,10,20187,20218
B,2,20229,20235
B,38,20233,20243
B,43,19877,20245
B,43,19899,20277
B,63,20263,20281
B,43,20044,20309
B,63,20286,20313
B,0,20308,20322
B,39,20293,20334
B,43,19836,20341
B,63,20271,20345
B,45,20346,20358
B,43,19861,20373
B,63,20282,20377
B,1,20394,20404
B,43,20222,20405
B,63,20381,20409
B,4,20390,20424
B,2,20409,20434
B,43,20288,20437
B,63,20401,20441
B,16,20439,20453
B,38,20458,20468
B,36,20383,20469
B,43,20228,20469
B,63,20413,20473
B,43,20229,20501
B,36,20384,20505
B,63,20352,20505
B,90,20498,20510
B,86,20267,20532
B,43,20420,20533
B,38,20260,20533
B,63,20460,20537
B,2,20524,20538
B,1,20530,20544
B,44,20360,20562
B,43,20252,20565
B,63,20550,20569
B,1,20549,20576
B,39,20565,20579
B,43,20052,20597
B,63,20565,20601
B,79,20611,20615
B,7,20607,20625
B,43,20481,20629
B,63,20586,20633
B,43,20357,20661
B,22,20663,20671
B,63,20664,20676
B,43,20072,20693
B,0,20687,20697
B,63,20684,20708
B,43,20585,20725
B,75,20723,20733
B,43,20126,20757
B,63,20509,20765
B,43,20776,20789
B,51,20476,20791
B,2,20789,20795
B,1,20785,20799
B,43,20413,20821
B,2,20801,20827
B,38,20816,20830
B,63,20831,20839
B,0,20846,20852
B,43,20780,20853
B,63,20855,20871
B,44,20862,20876
B,43,20556,20885
B,73,20889,20895
B,63,20853,20903
B,36,20834,20917
B,43,20714,20917
B,63,20892,20935
B,43,20847,20949
B,63,20868,20967
B,43,20793,20981
B,38,20975,20985
B,63,20974,20999
B,43,20907,21013
B,36,21019,21039
B,63,21031,21043
B,43,20164,21045
B,38,21058,21064
B,39,21058,21068
B,63,21042,21075
B,43,20468,21077
B,63,21082,21107
B,43,20768,21109
B,87,21118,21126
B,63,21135,21139
B,43,21023,21141
B,74,21164,21172
B,43,20944,21173
B,17,21170,21186
B,3,21187,21193
B,63,21186,21194
B,43,20844,21205
B,36,21198,21212
B,63,21153,21226
B,2,21217,21231
B,43,21166,21237
B,80,21248,21254
B,63,20984,21258
B,8,21243,21259
B,43,21044,21269
B,1,21276,21282
B,63,21237,21290
B,2,21280,21294
B,43,21269,21301
B,63,21124,21322
B,2,21311,21326
B,17,21311,21327
B,37,21324,21330
B,43,21291,21333
B,38,21327,21341
B,63,21314,21354
B,74,21355,21363
B,43,20890,21365
B,63,21372,21386
B,43,21294,21397
B,38,21385,21401
B,3,21397,21403
B,1,21398,21408
B,15,21405,21417
B,63,21375,21418
B,43,21176,21429
B,1,21411,21440
B,63,21382,21450
B,43,21385,21461
B,37,21404,21462
B,63,21449,21482
B,43,21361,21493
B,74,21477,21498
B,63,21505,21514
B,3,21501,21515
B,43,21504,21525
B,37,21516,21526
B,50,21524,21532
B,0,21524,21534
B,38,21527,21537
B,86,21503,21542
B,63,21490,21546
B,43,21478,21557
B,1,21549,21563
B,63,21508,21578
B,43,21563,21589
B,10,21595,21607
B,63,21518,21610
B,43,21505,21621
B,63,21627,21642
B,1,21636,21646
B,43,21522,21653
B,3,21568,21657
B,37,21650,21672
B,63,21650,21674
B,43,21485,21685
B,63,21659,21706
B,43,21637,21717
B,63,21669,21738
B,43,21630,21749
B,39,21747,21757
B,1,21748,21762
B,63,21771,21779
B,43,21515,21781
B,2,21767,21781
B,3,21769,21783
B,43,21681,21813
B,2,21798,21813
B,75,21803,21813
B,0,21814,21820
B,38,21823,21837
B,43,21623,21845
B,38,21844,21869
B,43,21634,21877
B,63,21869,21877
B,43,21564,21909
B,63,21899,21909
B,1,21909,21915
B,36,21903,21917
B,2,21919,21929
B,43,21812,21941
B,63,21904,21941
B,86,21934,21944
B,36,21937,21949
B,52,21938,21950
B,39,21948,21958
B,38,21953,21959
B,43,21930,21973
B,63,21951,21973
B,36,21948,21981
B,87,21991,21999
B,43,21989,22005
B,63,21996,22005
B,80,22009,22015
B,2,22009,22031
B,36,22024,22034
B,43,21962,22037
B,63,22011,22037
B,43,21650,22069
B,3,22070,22076
B,63,22072,22080
B,43,22001,22101
B,4,22089,22103
B,1,22090,22104
B,63,22097,22112
B,0,22116,22130
B,43,21985,22133
B,1,22096,22136
B,63,22082,22144
B,43,22075,22165
B,39,22153,22167
B,63,22143,22176
B,43,22072,22197
B,63,22192,22208
B,23,22211,22221
B,43,22223,22229
B,63,22191,22240
B,43,22098,22261
B,63,22100,22272
B,43,22124,22293
B,63,22271,22304
B,36,22299,22311
B,43,22241,22325
B,63,22253,22336
B,1,22343,22349
B,36,22345,22357
B,43,22194,22357
B,63,22222,22368
B,43,22312,22389
B,36,22387,22397
B,63,22197,22400
B,43,22376,22421
B,37,22419,22425
B,2,22416,22430
B,63,22249,22432
B,82,22434,22444
B,43,22386,22453
B,63,22285,22464
B,0,22464,22470
B,3,22466,22472
B,43,22426,22485
B,2,22479,22489
B,63,22387,22496
B,43,22387,22517
B,63,22296,22528
B,1,22521,22531
B,18,22540,22548
B,36,22536,22550
B,79,22550,22554
B,63,22299,22560
B,2,22561,22567
B,63,22502,22592
B,46,22589,22599
B,43,22612,22624
B,63,22583,22624
B,37,22616,22630
B,63,22549,22656
B,43,22655,22671
B,63,22619,22688
B,43,22668,22703
B,63,22450,22720
B,59,22720,22732
B,43,22702,22735
B,1,22734,22750
B,63,22726,22752
B,43,22735,22767
B,50,22752,22775
B,63,22739,22784
B,43,22725,22799
B,63,22679,22816
B,43,22713,22831
B,37,22824,22842
B,0,22832,22846
B,63,22555,22848
B,80,22856,22862
B,43,22822,22863
B,63,22580,22880
B,80,22859,22894
B,43,22823,22895
B,63,22609,22912
B,43,22832,22927
B,2,22932,22942
B,63,22604,22944
B,43,22868,22959
B,52,22951,22963
B,63,22915,22976
B,43,22969,22991
B,75,22984,22994
B,63,22953,23008
B,46,23007,23017
B,43,22974,23023
B,63,22679,23040
B,73,23044,23050
B,43,23045,23057
B,63,23019,23072
B,43,23054,23089
B,63,22831,23104
B,43,23102,23121
B,3,23111,23123
B,63,23047,23136
B,38,23125,23139
B,36,23109,23152
B,43,23094,23153
B,59,23154,23166
B,63,23117,23168
B,1,23167,23173
B,0,23161,23179
B,63,23057,23200
B,43,23192,23205
B,63,23057,23232
B,43,23208,23237
B,0,23231,23241
B,38,23242,23252
B,72,23245,23253
B,63,23212,23264
B,43,23286,23294
B,63,23085,23296
B,1,23291,23305
B,3,23299,23311
B,63,23269,23328
B,43,23334,23342
B,63,23103,23360
B,63,23289,23392
B,36,23386,23396
B,43,23390,23398
B,63,23189,23424
B,3,23436,23450
B,63,23428,23456
B,37,23474,23480
B,51,23470,23480
B,63,23390,23488
B,59,23487,23499
B,17,23486,23518
B,63,23357,23520
B,43,23518,23530
B,63,23476,23552
B,1,23550,23560
B,43,23529,23562
B,63,23178,23584
B,43,23549,23594
B,59,23585,23597
B,63,23496,23616
B,43,23598,23626
B,63,23534,23648
B,2,23644,23650
B,43,23584,23658
B,74,23665,23673
B,63,23529,23680
B,3,23672,23686
B,43,23620,23690
B,86,23682,23692
B,63,23686,23712
B,17,23703,23719
B,43,23596,23722
B,63,23622,23744
B,43,23631,23754
B,9,23756,23770
B,63,23735,23776
B,43,23718,23786
B,39,23778,23788
B,63,23677,23808
B,1,23804,23818
B,43,23691,23818
B,93,23830,23836
B,63,23804,23840
B,43,23844,23852
B,37,23849,23855
B,63,23806,23872
B,43,23889,23893
B,63,23746,23904
B,54,23915,23925
B,43,23891,23925
B,0,23928,23934
B,63,23806,23936
B,3,23929,23939
B,43,23925,23957
B,63,23661,23968
B,43,23984,23996
B,63,23933,24000
B,0,23993,24007
B,63,23743,24032
B,43,24034,24042
B,37,24055,24061
B,63,23856,24064
B,43,24074,24086
B,63,23993,24096
B,8,24086,24102
B,39,24102,24112
B,43,24108,24118
B,80,24120,24126
B,63,23879,24128
B,36,24129,24139
B,43,24131,24150
B,79,24130,24156
B,63,24064,24160
B,87,24168,24176
B,14,24170,24180
B,43,24176,24182
B,63,23795,24192
B,43,24200,24214
B,63,24162,24224
B,2,24228,24238
B,39,24229,24243
B,43,24217,24246
B,23,24239,24249
B,63,23875,24256
B,3,24253,24259
B,44,24250,24264
B,2,24240,24270
B,43,24196,24278
B,63,24096,24288
B,2,24268,24302
B,43,24298,24310
B,63,24008,24320
B,2,24323,24337
B,43,24299,24342
B,3,24336,24342
B,63,23950,24352
B,39,24353,24367
B,43,24349,24374
B,3,24352,24374
B,63,24224,24384
B,51,24380,24390
B,43,24238,24406
B,63,24126,24416
B,53,24411,24426
B,3,24418,24432
B,43,24412,24438
B,90,24436,24448
B,63,24102,24448
B,43,24228,24470
B,63,24231,24480
B,43,24343,24502
B,63,24423,24512
B,36,24516,24530
B,43,24314,24534
B,63,24156,24544
B,39,24539,24553
B,43,24283,24566
B,63,24036,24576
B,2,24568,24582
B,43,24527,24598
B,63,24498,24608
B,43,24258,24630
B,63,24397,24640
B,38,24642,24656
B,43,24592,24662
B,63,24534,24672
B,89,24668,24680
B,1,24667,24681
B,43,24295,24694
B,63,23936,24704
B,39,24708,24718
B,43,24572,24726
B,63,24391,24736
B,3,24738,24748
B,43,24750,24758
B,63,24580,24768
B,43,24779,24790
B,63,24268,24800
B,90,24790,24802
B,7,24677,24812
B,37,24802,24816
B,43,24790,24822
B,63,24556,24832
B,2,24841,24851
B,43,24822,24854
B,38,24827,24863
B,63,24595,24864
B,3,24869,24879
B,43,24819,24886
B,1,24879,24889
B,38,24869,24895
B,63,24731,24896
B,37,24885,24897
B,43,24828,24918
B,2,24914,24924
B,3,24911,24925
B,63,24631,24928
B,37,24861,24929
B,43,24794,24950
B,63,24581,24960
B,46,24966,24976
B,43,24915,24982
B,90,24972,24984
B,63,24600,24992
B,14,24986,24996
B,58,24993,25003
B,43,24987,25014
B,38,25010,25020
B,63,24559,25024
B,8,25016,25032
B,63,24841,25056
B,43,25046,25058
B,1,25060,25070
B,63,24757,25088
B,43,25081,25090
B,63,24763,25120
B,43,25084,25122
B,90,25112,25124
B,1,25129,25139
B,63,24842,25152
B,1,25162,25172
B,7,25155,25173
B,3,25170,25180
B,63,24136,25184
B,43,25185,25197
B,2,25195,25202
B,58,25200,25210
B,63,24757,25216
B,43,25216,25229
B,63,24166,25248
B,8,25250,25266
B,43,25257,25269
B,37,25260,25270
B,63,24968,25280
B,43,25261,25301
B,10,25296,25308
B,63,23799,25312
B,15,25312,25324
B,43,25317,25333
B,63,24848,25344
B,43,25338,25365
B,63,24966,25376
B,43,25387,25397
B,63,25175,25408
B,0,25396,25410
B,1,25405,25411
B,39,25417,25431
B,63,24916,25440
B,1,25407,25443
B,43,25441,25445
B,37,25435,25449
B,3,25450,25461
B,39,25439,25463
B,63,25354,25472
B,43,25446,25477
B,39,25485,25495
B,36,25484,25496
B,74,25494,25502
B,63,25323,25504
B,1,25502,25508
B,63,25389,25536
B,43,25549,25559
B,90,25555,25567
B,63,24796,25568
B,37,25568,25589
B,43,25580,25591
B,87,25570,25595
B,63,24937,25600
B,2,25614,25620
B,3,25606,25620
B,43,25583,25623
B,63,25497,25632
B,72,25636,25644
B,43,25546,25655
B,9,25642,25656
B,63,25324,25664
B,37,25659,25665
B,43,25664,25687
B,63,25046,25696
B,9,25687,25701
B,72,25708,25714
B,43,25581,25719
B,63,25467,25728
B,43,25730,25751
B,63,25668,25760
B,0,25775,25781
B,43,25762,25783
B,63,24890,25792
B,43,25723,25815
B,63,25324,25824
B,3,25829,25835
B,43,25804,25847
B,95,25840,25850
B,63,25632,25856
B,0,25856,25866
B,43,25164,25879
B,4,25868,25882
B,82,25877,25885
B,1,25873,25887
B,63,25611,25888
B,43,25877,25911
B,36,25903,25917
B,63,25705,25920
B,3,25932,25938
B,43,25837,25943
B,36,25912,25949
B,63,25205,25952
B,3,25931,25970
B,1,25961,25975
B,43,25948,25975
B,63,25893,25984
B,3,25993,26003
B,43,25960,26007
B,0,26003,26009
B,63,25177,26016
B,10,26013,26025
B,39,26003,26030
B,43,25920,26039
B,63,25952,26048
B,74,26046,26054
B,43,25935,26071
B,63,25730,26080
B,43,25994,26103
B,63,25799,26112
B,37,26108,26114
B,39,26103,26117
B,43,25910,26135
B,63,25939,26144
B,0,26139,26157
B,43,26051,26167
B,63,24938,26176
B,43,25949,26199
B,63,26028,26208
B,43,25947,26231
B,63,25219,26240
B,43,25997,26263
B,63,25879,26272
B,43,26075,26295
B,63,25988,26304
B,3,26293,26307
B,43,26236,26327
B,63,25426,26336
B,39,26324,26338
B,43,25964,26359
B,63,25590,26368
B,39,26329,26370
B,43,26345,26391
B,63,25105,26400
B,39,26369,26402
B,36,26400,26410
B,43,26409,26423
B,1,26411,26425
B,37,26424,26430
B,63,26226,26432
B,43,26446,26455
B,38,26448,26458
B,95,26448,26458
B,0,26433,26459
B,23,26451,26461
B,63,25286,26464
B,3,26477,26483
B,43,26068,26487
B,93,26487,26493
B,16,26450,26493
B,63,26190,26496
B,38,26493,26503
B,2,26502,26512
B,43,26498,26519
B,63,26046,26528
B,36,26528,26538
B,2,26510,26544
B,43,26211,26551
B,63,25690,26560
B,1,26553,26563
B,82,26572,26580
B,43,26459,26583
B,63,26069,26592
B,1,26568,26595
B,36,26590,26600
B,57,26594,26602
B,43,26211,26615
B,63,25867,26624
B,22,26633,26641
B,0,26629,26643
B,43,26410,26647
B,63,26268,26656
B,3,26657,26663
B,82,26655,26665
B,43,26645,26679
B,63,25873,26688
B,2,26685,26699
B,63,26322,26720
B,43,26714,26722
B,58,26724,26734
B,63,26285,26752
B,39,26757,26771
B,1,26771,26781
B,63,26750,26784
B,39,26763,26803
B,1,26783,26813
B,43,26804,26816
B,63,26219,26816
B,0,26808,26818
B,36,26823,26833
B,73,26830,26836
B,1,26817,26845
B,2,26829,26846
B,43,26811,26848
B,63,26336,26848
B,3,26859,26873
B,43,26850,26880
B,63,26409,26880
B,3,26868,26905
B,43,26875,26912
B,63,26256,26912
B,38,26900,26914
B,1,26928,26934
B,63,26680,26944
B,2,26959,26973
B,51,26963,26973
B,63,26434,26976
B,43,26971,26979
B,7,26990,27008
B,63,26544,27008
B,43,26993,27013
B,3,27007,27017
B,93,27014,27020
B,73,27034,27040
B,63,26726,27040
B,43,27031,27045
B,39,27023,27056
B,63,27050,27072
B,43,27010,27077
B,63,26708,27104
B,43,27065,27109
B,63,27001,27136
B,43,27043,27141
B,0,27153,27163
B,63,26940,27168
B,43,27146,27173
B,63,26779,27200
B,43,27156,27205
B,63,27145,27232
B,43,27198,27237
B,63,26788,27264
B,7,27271,27289
B,2,27285,27295
B,63,27279,27296
B,38,27299,27305
B,3,27290,27319
B,63,27028,27328
B,0,27326,27332
B,43,27341,27353
B,63,27203,27360
B,38,27358,27372
B,43,27377,27389
B,63,27252,27392
B,0,27381,27395
B,39,27384,27402
B,58,27403,27413
B,63,27261,27424
B,43,27415,27427
B,63,27438,27456
B,43,27457,27469
B,10,27472,27484
B,63,27444,27488
B,50,27483,27491
B,43,27501,27511
B,39,27505,27519
B,63,27394,27520
B,43,27511,27543
B,81,27535,27543
B,51,27536,27546
B,63,27402,27552
B,36,27547,27557
B,43,27536,27575
B,63,27548,27584
B,43,27581,27607
B,63,27578,27616
B,17,27606,27622
B,2,27614,27628
B,43,27589,27639
B,63,27613,27648
B,43,27632,27671
B,63,27588,27680
B,0,27689,27703
B,43,27636,27703
B,36,27690,27709
B,63,27654,27712
B,43,27659,27735
B,2,27729,27743
B,63,27715,27744
B,38,27746,27760
B,43,27665,27767
B,63,27758,27776
B,0,27763,27777
B,74,27777,27785
B,43,27727,27799
B,63,27767,27808
B,43,27761,27831
B,63,27783,27840
B,2,27851,27861
B,43,27647,27863
B,38,27811,27863
B,63,27688,27872
B,0,27880,27890
B,36,27878,27892
B,43,27763,27895
B,63,27887,27904
B,43,27754,27927
B,63,27902,27936
B,43,27802,27959
B,63,27939,27968
B,43,27886,27991
B,63,27940,28000
B,3,27996,28002
B,43,27954,28023
B,1,28012,28028
B,63,27958,28032
B,43,27856,28055
B,37,28018,28062
B,63,28018,28064
B,43,27693,28087
B,63,28062,28096
B,95,28099,28109
B,43,27850,28119
B,63,28099,28128
B,37,28122,28132
B,38,28134,28148
B,43,27931,28151
B,2,28146,28156
B,63,28042,28160
B,50,28173,28181
B,43,27936,28183
B,94,28177,28185
B,2,28173,28188
B,63,28104,28192
B,37,28202,28208
B,3,28195,28209
B,43,28124,28215
B,95,28191,28219
B,63,28154,28224
B,43,27959,28247
B,37,28244,28254
B,63,28219,28256
B,43,27957,28279
B,37,28262,28286
B,63,28118,28288
B,43,28205,28311
B,3,28302,28312
B,1,28311,28317
B,37,28276,28318
B,63,28194,28320
B,43,28055,28343
B,63,28197,28352
B,73,28347,28357
B,81,28362,28372
B,44,28368,28382
B,82,28402,28416
B,53,28408,28422
B,1,28428,28442
B,82,28420,28448
B,73,28460,28470
B,82,28443,28480
B,37,28476,28482
B,81,28478,28488
B,73,28472,28502
B,1,28499,28505
B,82,28481,28512
B,81,28510,28520
B,74,28510,28532
B,72,28511,28538
B,81,28511,28552
B,79,28545,28555
B,0,28558,28564
B,81,28585,28595
B,82,28584,28598
B,73,28591,28601
B,37,28607,28617
B,39,28628,28638
B,2,28635,28645
B,3,28643,28657
B,80,28708,28718
B,16,28715,28729
B,75,28726,28736
B,3,28731,28745
B,82,28740,28754
B,74,28746,28756
B,36,28768,28782
B,3,28791,28801
B,80,28809,28819
B,0,28836,28850
B,82,28851,28865
B,80,28869,28879
B,0,28890,28900
B,79,28930,28940
B,3,28938,28948
B,81,28948,28958
B,38,28966,28972
B,80,28968,28978
B,1,28969,28984
B,81,28949,28990
B,3,28992,29006
B,74,29002,29012
B,37,29007,29017
B,39,29019,29025
B,79,29016,29026
B,3,29005,29038
B,80,29009,29042
B,36,29044,29054
B,2,29045,29059
B,39,29092,29106
B,75,29115,29125
B,73,29151,29161
B,57,29160,29168
B,72,29175,29185
B,73,29178,29193
B,39,29200,29206
B,52,29208,29220
B,38,29233,29239
B,82,29252,29266
B,73,29276,29286
B,39,29298,29304
B,53,29345,29359
B,75,29379,29389
B,80,29382,29392
B,1,29388,29394
B,72,29393,29403
B,80,29429,29435
B,2,29430,29436
B,37,29446,29452
B,2,29427,29468
B,74,29464,29474
B,72,29473,29483
B,36,29494,29506
B,73,29503,29509
B,79,29504,29514
B,72,29475,29515
B,1,29506,29534
B,2,29527,29541
B,79,29529,29546
B,75,29547,29557
B,36,29556,29566
B,54,29557,29567
B,82,29553,29567
B,37,29562,29568
B,8,29528,29571
B,3,29570,29584
B,58,29570,29599
B,2,29611,29617
B,52,29608,29620
B,37,29617,29627
B,80,29623,29633
B,82,29630,29644
B,39,29658,29672
B,79,29672,29682
B,37,29667,29685
B,82,29702,29716
B,75,29719,29729
B,36,29738,29748
B,1,29749,29759
B,82,29768,29782
B,72,29780,29790
B,1,29778,29791
B,38,29799,29805
B,38,29821,29837
B,74,29835,29845
B,36,29866,29876
B,74,29844,29877
B,37,29875,29881
B,82,29874,29888
B,58,29885,29895
B,79,29893,29914
B,3,29913,29927
B,79,29906,29946
B,2,29942,29952
B,79,29921,29978
B,1,29976,29986
B,79,29955,30010
B,82,30012,30026
B,44,30034,30048
B,81,30048,30058
B,72,30051,30061
B,73,30085,30095
B,36,30108,30118
B,80,30122,30132
B,39,30146,30160
B,82,30150,30164
B,38,30165,30175
B,75,30179,30189
B,39,30161,30192
B,3,30210,30216
B,36,30191,30229
B,79,30265,30275
B,39,30270,30276
B,53,30279,30293
B,75,30295,30305
B,73,30268,30309
B,1,30370,30380
B,0,30375,30389
B,74,30399,30409
B,82,30403,30417
B,75,30408,30418
B,0,30412,30421
B,72,30442,30452
B,8,30462,30478
B,58,30514,30524
B,15,30546,30558
B,59,30597,30609
B,3,30598,30610
B,39,30596,30610
B,79,30646,30656
B,0,30645,30659
B,39,30646,30660
B,81,30680,30690
B,79,30716,30726
B,52,30718,30730
B,54,30761,30771
B,75,30766,30776
B,2,30772,30778
B,75,30819,30829
B,39,30825,30831
B,81,30824,30834
B,72,30855,30865
B,22,30891,30899
B,3,30898,30904
B,2,30997,31011
B,39,31003,31017
B,21,31029,31035
B,38,31074,31088
B,73,31093,31099
B,72,31114,31124
B,0,31117,31131
B,73,31122,31132
B,81,31127,31137
B,80,31131,31150
B,2,31161,31167
B,75,31166,31174
B,3,31182,31196
B,73,31200,31210
B,2,31201,31211
B,52,31224,31236
B,38,31229,31243
B,79,31253,31263
B,75,31257,31267
B,74,31262,31295
B,39,31294,31300
B,72,31298,31308
B,0,31303,31313
B,39,31327,31341
B,73,31367,31377
B,73,31431,31441
B,0,31450,31464
B,1,31453,31494
B,79,31487,31497
B,75,31505,31515
B,0,31513,31519
B,72,31519,31529
B,73,31534,31544
B,80,31551,31561
B,37,31557,31567
B,46,31557,31567
B,79,31565,31575
B,2,31570,31580
B,79,31609,31619
B,37,31626,31640
B,1,31633,31647
B,73,31637,31647
B,81,31639,31649
B,16,31636,31650
B,72,31649,31659
B,38,31650,31670
B,1,31655,31679
B,72,31682,31691
B,3,31663,31699
B,38,31681,31702
B,1,31673,31711
B,57,31713,31721
B,73,31719,31729
B,9,31725,31739
B,10,31744,31769
B,36,31761,31771
B,37,31758,31801
B,80,31802,31808
B,73,31810,31820
B,75,31843,31853
B,39,31847,31857
B,81,31885,31895
B,75,31891,31901
B,73,31894,31904
B,3,31899,31905
B,46,31898,31908
B,80,31906,31912
B,81,31894,31927
B,73,31905,31936
B,3,31927,31939
B,80,31925,31944
B,81,31903,31959
B,72,31963,31973
B,80,31933,31976
B,82,31973,31987
B,39,31975,31989
B,81,31949,31991
B,74,31966,32009
B,79,31961,32013
B,81,31999,32023
B,73,32011,32047
B,79,32060,32077
B,72,32069,32080
B,82,32073,32087
B,72,32119,32129
B,72,32148,32161
B,36,32153,32163
B,39,32163,32177
B,79,32178,32188
B,37,32154,32193
B,39,32190,32209
B,36,32186,32227
B,75,32240,32248
B,37,32267,32273
B,0,32274,32280
B,38,32289,32299
B,79,32303,32313
B,75,32310,32320
B,58,32326,32336
B,81,32335,32343
B,3,32344,32350
B,3,32354,32382
B,80,32395,32405
B,73,32396,32406
B,2,32406,32412
B,72,32406,32416
B,3,32416,32430
B,79,32403,32436
B,74,32422,32444
B,0,32424,32456
B,79,32439,32468
B,72,32475,32485
B,58,32491,32501
B,1,32501,32515
B,72,32503,32517
B,38,32524,32530
B,0,32525,32535
B,23,32525,32535
B,74,32535,32545
B,1,32538,32547
B,72,32518,32549
B,82,32537,32551
B,1,32603,32617
B,46,32609,32619
B,79,32610,32620
B,74,32619,32629
B,75,32631,32641
B,1,32639,32649
B,73,32644,32654
B,73,32663,32686
B,72,32704,32714
B,73,32714,32724
B,75,32721,32731
B,3,32731,32737
B,75,32736,32763
B,73,32756,32766
B,81,32775,32793
B,82,32808,32822
B,37,32828,32838
B,79,32844,32854
B,82,32835,32854
B,37,32852,32870
B,74,32861,32871
B,2,32888,32902
B,0,32895,32905
B,39,32900,32906
B,82,32894,32908
B,37,32913,32919
B,16,32905,32919
B,73,32924,32934
B,80,32927,32937
B,82,32955,32969
B,38,32995,33009
B,14,33010,33020
B,2,33028,33038
B,72,33034,33044
B,37,33062,33068
B,3,33077,33091
B,73,33082,33092
B,79,33112,33122
B,0,33112,33126
B,0,33115,33158
B,72,33149,33159
B,82,33151,33165
B,73,33202,33212
B,1,33232,33242
B,3,33242,33252
B,81,33246,33256
B,21,33256,33262
B,16,33252,33266
B,0,33253,33267
B,36,33253,33267
B,37,33266,33272
B,1,33286,33292
B,37,33308,33318
B,80,33336,33346
B,1,33359,33369
B,72,33377,33387
B,36,33386,33406
B,1,33415,33434
B,72,33449,33459
B,22,33497,33505
B,0,33497,33507
B,73,33503,33513
B,82,33512,33520
B,10,33521,33533
B,72,33553,33563
B,36,33561,33573
B,80,33611,33621
B,3,33618,33624
B,74,33618,33628
B,36,33625,33635
B,73,33631,33662
B,2,33652,33662
B,3,33658,33664
B,79,33655,33665
B,81,33658,33668
B,1,33673,33683
B,0,33702,33708
B,82,33702,33716
B,1,33717,33723
B,3,33756,33762
B,80,33766,33776
B,79,33768,33778
B,81,33768,33778
B,80,33817,33827
B,38,33822,33836
B,39,33850,33856
B,82,33857,33871
B,3,33873,33885
B,2,33883,33893
B,81,33883,33893
B,74,33917,33927
B,38,33941,33947
B,38,33991,33997
B,79,34009,34019
B,38,34019,34029
B,81,34020,34030
B,37,34027,34033
B,1,34039,34045
B,80,34063,34073
B,73,34087,34097
B,82,34109,34123
B,75,34117,34127
B,37,34165,34171
B,1,34183,34193
B,82,34183,34197
B,73,34190,34200
B,2,34189,34203
B,38,34232,34242
B,0,34253,34263
B,81,34275,34285
B,36,34276,34290
B,0,34251,34295
B,75,34287,34297
B,80,34306,34316
B,36,34291,34322
B,82,34308,34322
B,3,34315,34325
B,3,34348,34357
B,75,34358,34366
B,2,34362,34368
B,81,34387,34397
B,17,34406,34422
B,81,34408,34429
B,39,34440,34446
B,36,34439,34453
B,37,34452,34470
B,39,34441,34478
B,73,34475,34485
B,37,34477,34502
B,38,34537,34543
B,45,34531,34543
B,79,34551,34561
B,3,34555,34561
B,58,34558,34568
B,81,34540,34573
B,73,34573,34579
B,81,34564,34605
B,2,34620,34630
B,81,34594,34637
B,82,34656,34670
B,1,34668,34682
B,38,34673,34687
B,82,34681,34702
B,82,34671,34734
B,1,34773,34787
B,82,34783,34797
B,23,34789,34799
B,0,34807,34821
B,82,34784,34829
B,74,34835,34845
B,37,34850,34860
B,36,34864,34878
B,46,34869,34879
B,79,34889,34899
B,0,34903,34921
B,79,34899,34931
B,37,34931,34945
B,15,34956,34968
B,2,34976,34990
B,17,34990,35006
B,72,35007,35017
B,1,35005,35021
B,3,35017,35023
B,36,35027,35041
B,79,35053,35063
B,36,35064,35076
B,80,35059,35093
B,75,35094,35104
B,36,35113,35127
B,21,35137,35143
B,38,35131,35155
B,74,35147,35157
B,2,35151,35161
B,1,35171,35185
B,4,35180,35194
B,1,35207,35217
B,73,35212,35222
B,1,35210,35249
B,1,35230,35281
B,3,35253,35284
B,2,35277,35287
B,36,35293,35303
B,79,35314,35324
B,80,35319,35329
B,45,35332,35344
B,79,35343,35356
B,21,35352,35358
B,0,35376,35386
B,74,35348,35388
B,2,35379,35393
B,2,35425,35439
B,73,35430,35440
B,74,35443,35453
B,36,35453,35463
B,79,35457,35467
B,75,35489,35499
B,38,35506,35512
B,80,35508,35518
B,51,35508,35518
B,58,35509,35519
B,74,35510,35533
B,82,35529,35537
B,80,35559,35565
B,73,35557,35567
B,81,35589,35599
B,75,35611,35621
B,36,35633,35645
B,74,35642,35652
B,3,35639,35653
B,81,35659,35669
B,36,35660,35677
B,82,35665,35679
B,74,35669,35684
B,37,35661,35707
B,73,35723,35733
B,74,35728,35738
B,36,35737,35747
B,73,35765,35775
B,0,35824,35830
B,1,35845,35855
B,75,35852,35862
B,2,35863,35885
B,0,35892,35906
B,81,35899,35909
B,2,35863,35917
B,36,35923,35933
B,82,35919,35933
B,8,35927,35943
B,1,35911,35951
B,39,35982,35996
B,74,35987,35997
B,0,36010,36020
B,81,36041,36051
B,2,36095,36101
B,1,36106,36112
B,0,36105,36137
B,79,36138,36148
B,80,36150,36160
B,75,36165,36175
B,39,36165,36179
B,2,36193,36203
B,73,36201,36211
B,74,36201,36211
B,39,36193,36211
B,3,36229,36243
B,39,36253,36259
B,73,36250,36260
B,38,36247,36261
B,72,36281,36291
B,2,36278,36292
B,73,36302,36312
B,0,36318,36324
B,2,36304,36324
B,81,36314,36324
B,79,36339,36349
B,0,36333,36359
B,73,36353,36363
B,73,36367,36395
B,1,36396,36402
B,82,36409,36423
B,73,36407,36427
B,1,36448,36462
B,74,36480,36488
B,0,36495,36501
B,2,36501,36507
B,2,36524,36539
B,75,36552,36562
B,79,36583,36593
B,38,36587,36593
B,75,36591,36601
B,4,36590,36604
B,75,36625,36635
B,80,36729,36739
B,81,36730,36740
B,73,36758,36768
B,39,36766,36772
B,79,36767,36777
B,38,36784,36798
B,73,36786,36800
B,37,36815,36821
B,38,36792,36830
B,75,36856,36866
B,74,36867,36877
B,80,36893,36903
B,37,36966,36976
B,39,36971,36981
B,37,36978,37008
B,36,36998,37012
B,80,37003,37013
B,38,37006,37022
B,81,37019,37029
B,79,37022,37032
B,10,37013,37046
B,74,37065,37075
B,36,37079,37089
B,73,37087,37097
B,72,37116,37126
B,0,37119,37133
B,73,37127,37137
B,73,37138,37169
B,82,37171,37179
B,17,37185,37201
B,82,37236,37250
B,79,37260,37270
B,80,37260,37270
B,1,37266,37272
B,74,37276,37286
B,39,37280,37286
B,75,37280,37302
B,72,37317,37327
B,3,37319,37329
B,37,37319,37333
B,80,37358,37368
B,80,37410,37420
B,72,37414,37424
B,57,37424,37432
B,81,37436,37446
B,38,37446,37460
B,73,37456,37466
B,39,37461,37467
B,72,37506,37516
B,2,37504,37518
B,79,37511,37521
B,37,37515,37525
B,38,37532,37542
B,74,37546,37556
B,53,37589,37603
B,36,37593,37607
B,73,37597,37607
B,79,37604,37614
B,75,37649,37659
B,3,37711,37723
B,79,37723,37733
B,75,37724,37734
B,36,37713,37763
B,38,37757,37767
B,39,37760,37770
B,80,37774,37784
B,73,37782,37792
B,82,37800,37814
B,37,37806,37824
B,74,37865,37875
B,75,37890,37900
B,79,37906,37916
B,82,37902,37916
B,75,37912,37932
B,38,37932,37942
B,74,37976,37986
B,36,37980,37990
B,73,37992,38002
B,14,38009,38019
B,82,38038,38052
B,81,38069,38079
B,37,38066,38080
B,80,38081,38091
B,39,38087,38097
B,3,38090,38100
B,36,38125,38139
B,80,38129,38139
B,74,38133,38143
B,82,38149,38163
B,36,38155,38171
B,73,38172,38178
B,75,38216,38226
B,2,38234,38248
B,79,38241,38251
B,82,38251,38265
B,39,38278,38292
B,81,38301,38311
B,0,38329,38339
B,74,38330,38340
B,75,38352,38362
B,81,38374,38384
B,79,38378,38388
B,0,38406,38416
B,79,38384,38420
B,38,38435,38441
B,73,38436,38446
B,72,38467,38477
B,82,38471,38485
B,0,38485,38503
B,72,38485,38509
B,36,38507,38517
B,79,38509,38519
B,39,38526,38532
B,36,38509,38549
B,39,38560,38574
B,29,38595,38603
B,64,38614,38620
B,28,38615,38621
B,36,38618,38630
B,39,38620,38634
B,28,38641,38653
B,2,38624,38656
B,1,38659,38665
B,28,38659,38685
B,64,38699,38705
B,28,38674,38717
B,29,38707,38739
B,28,38699,38749
B,64,38767,38777
B,28,38754,38781
B,79,38774,38784
B,97,38777,38797
B,38,38791,38801
B,64,38780,38809
B,28,38806,38813
B,0,38808,38818
B,64,38793,38841
B,28,38761,38845
B,2,38832,38846
B,6,38836,38852
B,97,38864,38868
B,64,38808,38873
B,28,38767,38877
B,2,38832,38878
B,3,38887,38901
B,64,38845,38905
B,28,38904,38914
B,3,38912,38933
B,64,38831,38937
B,36,38934,38954
B,64,38958,38969
B,2,38976,38982
B,56,38981,38989
B,36,38982,38992
B,28,38984,38994
B,82,38987,38995
B,64,38860,39001
B,38,38992,39020
B,36,38989,39024
B,64,38964,39033
B,36,39001,39056
B,28,39058,39064
B,64,38999,39065
B,99,39062,39068
B,64,39058,39097
B,28,39110,39120
B,64,38875,39129
B,37,39120,39134
B,28,39129,39152
B,64,39109,39161
B,0,39153,39163
B,9,38931,39171
B,28,38885,39184
B,64,39160,39193
B,9,39037,39203
B,28,39187,39216
B,1,39207,39217
B,64,39180,39225
B,28,39218,39248
B,64,39186,39257
B,97,39275,39279
B,28,39237,39280
B,96,39276,39288
B,64,39153,39289
B,39,39279,39293
B,37,39277,39295
B,28,39261,39312
B,64,39197,39321
B,54,39324,39334
B,36,39322,39336
B,28,39286,39344
B,64,39144,39353
B,9,39341,39355
B,28,39314,39376
B,51,39358,39381
B,64,39227,39385
B,39,39382,39388
B,64,39351,39417
B,28,39412,39422
B,64,39424,39449
B,64,39405,39481
B,96,39495,39507
B,64,39283,39513
B,64,39497,39545
B,28,39416,39546
B,37,39542,39548
B,45,39417,39553
B,21,39566,39572
B,64,39442,39577
B,36,39551,39582
B,38,39577,39609
B,64,39600,39609
B,28,39419,39610
B,37,39565,39612
B,3,39613,39627
B,64,39611,39641
B,47,39634,39646
B,36,39638,39650
B,64,39662,39673
B,1,39662,39676
B,2,39680,39694
B,75,39694,39702
B,64,39644,39705
B,28,39706,39716
B,101,39727,39733
B,64,39724,39737
B,11,39734,39766
B,64,39715,39769
B,0,39757,39771
B,64,39447,39801
B,50,39805,39813
B,0,39807,39817
B,64,39748,39833
B,28,39514,39834
B,46,39590,39839
B,64,39776,39865
B,28,39833,39866
B,2,39859,39873
B,38,39864,39878
B,64,39784,39897
B,28,39695,39898
B,36,39913,39923
B,73,39918,39924
B,64,39809,39929
B,28,39844,39930
B,2,39923,39937
B,62,39945,39949
B,37,39945,39959
B,64,39938,39961
B,28,39853,39962
B,0,39976,39982
B,13,39972,39984
B,64,39830,39993
B,28,39906,39994
B,64,40012,40025
B,28,39990,40026
B,36,40019,40029
B,38,40022,40036
B,1,40031,40045
B,82,40047,40055
B,64,39838,40057
B,28,39998,40058
B,38,40036,40068
B,0,40042,40079
B,64,40080,40089
B,28,39991,40090
B,64,39855,40121
B,28,39957,40122
B,12,40138,40152
B,64,40138,40153
B,28,40062,40154
B,97,40161,40165
B,64,40160,40185
B,28,40037,40186
B,62,40211,40215
B,64,40153,40217
B,28,40063,40218
B,0,40206,40220
B,97,40194,40229
B,64,40169,40249
B,28,40119,40250
B,64,40021,40281
B,28,40177,40282
B,0,40273,40283
B,97,40246,40293
B,64,40026,40313
B,28,40232,40314
B,38,40320,40326
B,64,40030,40345
B,28,40043,40346
B,2,40335,40349
B,82,40357,40365
B,1,40362,40368
B,64,40331,40377
B,28,40310,40378
B,2,40357,40381
B,36,40393,40407
B,62,40395,40409
B,64,40288,40409
B,28,40205,40410
B,64,40151,40441
B,28,40320,40442
B,45,40369,40449
B,47,40358,40449
B,36,40440,40454
B,64,40459,40473
B,28,40343,40474
B,49,40376,40483
B,37,40498,40504
B,64,40086,40505
B,28,40341,40506
B,1,40498,40508
B,64,40497,40537
B,28,40266,40538
B,38,40546,40552
B,3,40560,40566
B,64,40323,40569
B,28,40343,40570
B,21,40574,40580
B,38,40579,40585
B,64,40577,40601
B,28,40549,40602
B,2,40607,40617
B,64,40343,40633
B,28,40480,40634
B,2,40635,40649
B,64,40606,40665
B,28,40600,40666
B,39,40678,40688
B,64,40200,40697
B,28,40618,40698
B,38,40686,40702
B,0,40691,40705
B,64,40370,40729
B,28,40488,40730
B,2,40713,40733
B,64,40451,40761
B,28,40529,40762
B,29,40724,40765
B,2,40759,40769
B,0,40769,40775
B,64,40310,40793
B,28,40766,40794
B,19,40205,40801
B,64,40815,40825
B,28,40580,40826
B,38,40814,40828
B,64,40631,40857
B,28,40751,40858
B,64,40461,40889
B,28,40837,40890
B,64,40600,40921
B,28,40911,40922
B,64,40734,40953
B,28,40930,40954
B,3,40951,40963
B,64,40587,40985
B,28,40956,40986
B,15,40960,41000
B,64,40618,41017
B,28,40815,41018
B,64,40648,41049
B,28,40985,41050
B,2,41043,41057
B,3,41072,41078
B,64,40931,41081
B,28,40860,41082
B,62,41059,41091
B,47,41087,41099
B,3,41085,41110
B,64,41067,41113
B,28,41055,41114
B,37,41109,41119
B,25,40275,41119
B,60,40557,41120
B,0,41092,41137
B,3,41099,41142
B,64,41039,41145
B,28,41114,41146
B,71,40961,41147
B,39,41154,41160
B,64,40870,41177
B,28,41083,41178
B,73,41182,41188
B,12,41181,41195
B,2,41198,41204
B,36,41194,41208
B,64,41135,41209
B,28,41106,41210
B,62,41161,41217
B,3,41215,41221
B,36,41218,41240
B,38,41230,41240
B,64,41171,41241
B,28,41050,41242
B,39,41244,41254
B,38,41249,41272
B,64,41131,41273
B,0,41268,41274
B,2,41264,41274
B,28,41185,41274
B,36,41288,41298
B,24,41287,41299
B,38,41271,41304
B,64,41289,41305
B,28,41179,41306
B,29,41263,41309
B,62,41291,41313
B,36,41297,41330
B,28,41203,41338
B,64,41159,41352
B,28,41324,41370
B,97,41380,41384
B,64,41341,41384
B,47,41373,41385
B,28,41345,41402
B,64,41260,41416
B,28,41113,41434
B,1,41434,41440
B,0,41446,41460
B,64,41457,41463
B,28,41267,41466
B,2,41453,41470
B,49,41464,41478
B,64,41461,41495
B,28,41441,41498
B,39,41493,41507
B,49,41497,41511
B,36,41494,41516
B,64,41420,41527
B,28,41282,41530
B,64,41539,41559
B,28,41444,41562
B,35,41461,41565
B,37,41556,41566
B,39,41564,41570
B,74,41571,41579
B,77,41564,41580
B,64,41536,41591
B,36,41580,41594
B,28,41522,41594
B,64,41580,41623
B,28,41530,41626
B,64,41557,41655
B,28,41565,41658
B,37,41659,41677
B,64,41584,41687
B,28,41309,41690
B,52,41695,41707
B,36,41697,41709
B,64,41679,41719
B,28,41579,41722
B,37,41719,41739
B,64,41691,41751
B,28,41415,41754
B,37,41726,41771
B,2,41752,41772
B,64,41625,41783
B,28,41612,41786
B,85,41784,41800
B,38,41751,41800
B,37,41715,41803
B,39,41803,41813
B,1,41808,41814
B,64,41671,41815
B,28,41429,41818
B,37,41784,41835
B,64,41757,41847
B,28,41817,41850
B,37,41831,41867
B,64,41739,41879
B,28,41463,41882
B,64,41826,41911
B,1,41906,41912
B,25,41536,41919
B,28,41936,41942
B,64,41532,41943
B,25,41589,41951
B,28,41943,41974
B,64,41842,41975
B,29,41723,41979
B,39,41966,41980
B,0,41981,41991
B,3,41988,42002
B,28,41505,42006
B,64,41962,42007
B,4,41750,42016
B,17,42005,42021
B,65,42027,42031
B,28,41937,42038
B,64,41823,42039
B,46,41774,42044
B,62,42012,42067
B,28,41984,42070
B,64,41898,42071
B,28,41843,42102
B,64,41844,42103
B,2,42058,42113
B,57,42118,42126
B,28,42115,42134
B,64,41998,42135
B,97,42123,42151
B,28,41938,42166
B,64,41907,42167
B,37,42154,42168
B,36,42165,42179
B,21,42177,42183
B,28,42169,42198
B,0,42190,42200
B,64,42205,42211
B,36,42208,42220
B,28,42052,42230
B,0,42192,42232
B,64,42251,42257
B,28,42212,42262
B,62,42266,42270
B,0,42270,42284
B,64,42266,42289
B,28,42097,42294
B,37,42301,42307
B,97,42304,42308
B,0,42278,42316
B,38,42302,42316
B,64,42274,42321
B,39,42312,42322
B,28,42276,42326
B,36,42316,42341
B,97,42345,42349
B,3,42340,42350
B,2,42337,42351
B,38,42336,42352
B,64,42314,42353
B,28,42127,42358
B,3,42351,42382
B,64,42315,42385
B,28,42131,42390
B,23,42398,42408
B,64,42363,42417
B,28,42179,42422
B,46,42354,42427
B,64,42365,42449
B,0,42434,42452
B,28,42276,42454
B,8,42376,42465
B,49,42436,42480
B,64,42407,42481
B,19,42227,42493
B,64,42382,42513
B,28,42434,42516
B,1,42527,42533
B,64,42410,42545
B,28,42456,42548
B,82,42541,42549
B,29,42498,42551
B,36,42548,42560
B,53,42555,42569
B,64,42462,42577
B,28,42579,42585
B,2,42567,42586
B,36,42596,42606
B,64,42512,42609
B,28,42558,42617
B,64,42563,42641
B,28,42617,42649
B,3,42654,42668
B,64,42632,42673
B,39,42664,42674
B,53,42660,42674
B,64,42517,42705
B,53,42675,42706
B,38,42710,42724
B,56,42719,42727
B,64,42663,42737
B,28,42743,42749
B,47,42722,42757
B,64,42732,42769
B,28,42754,42781
B,42,42728,42795
B,64,42753,42801
B,28,42808,42818
B,39,42810,42824
B,60,42818,42828
B,10,42817,42829
B,0,42821,42831
B,64,42777,42833
B,38,42842,42856
B,28,42856,42862
B,64,42790,42865
B,39,42853,42867
B,37,42883,42893
B,64,42862,42897
B,49,42892,42906
B,28,42910,42916
B,64,42713,42929
B,28,42937,42948
B,91,42942,42954
B,9,42937,42956
B,18,42951,42959
B,64,42873,42961
B,92,42970,42984
B,36,42975,42987
B,64,42941,42993
B,37,43002,43008
B,28,43013,43019
B,50,43015,43023
B,64,42951,43025
B,37,43025,43040
B,58,43021,43055
B,28,43019,43057
B,37,43063,43072
B,7,43069,43087
B,58,43056,43087
B,73,43107,43113
B,64,43107,43117
B,36,43110,43122
B,28,43118,43124
B,64,43126,43149
B,28,43126,43156
B,64,43160,43181
B,37,43178,43184
B,28,43162,43188
B,29,43202,43210
B,0,43205,43211
B,64,43181,43213
B,36,43204,43216
B,2,43203,43242
B,64,43207,43245
B,9,43205,43248
B,39,43233,43274
B,29,43225,43274
B,64,43248,43277
B,43,43270,43286
B,28,43233,43304
B,28,43241,43336
B,64,43334,43344
B,29,43246,43370
B,64,43340,43376
B,28,43276,43400
B,64,43377,43408
B,28,43397,43432
B,46,43295,43436
B,64,43373,43440
B,10,43342,43470
B,64,43371,43472
B,28,43470,43480
B,1,43467,43483
B,36,43478,43488
B,64,43491,43504
B,28,43426,43512
B,0,43515,43529
B,44,43446,43536
B,64,43499,43536
B,36,43527,43539
B,28,43528,43544
B,64,43513,43568
B,28,43555,43576
B,37,43576,43582
B,3,43584,43598
B,64,43556,43600
B,28,43516,43608
B,23,43612,43622
B,64,43601,43632
B,92,43641,43651
B,64,43617,43664
B,60,43643,43683
B,64,43647,43696
B,43,43688,43700
B,75,43696,43704
B,43,43706,43732
B,63,43732,43744
B,43,43739,43764
B,63,43758,43776
B,43,43771,43796
B,73,43791,43797
B,63,43786,43808
B,51,43813,43823
B,79,43817,43827
B,43,43764,43828
B,1,43824,43830
B,63,43801,43840
B,43,43787,43860
B,63,43791,43872
B,3,43864,43876
B,43,43749,43892
B,63,43800,43904
B,43,43900,43924
B,63,43890,43936
B,43,43891,43956
B,63,43905,43968
B,43,43793,43988
B,0,43979,43989
B,63,43819,44000
B,38,44001,44011
B,37,44009,44015
B,1,43995,44019
B,43,43828,44020
B,63,44004,44032
B,43,43843,44052
B,63,43827,44064
B,0,44056,44066
B,43,43866,44084
B,63,44019,44096
B,43,43813,44116
B,79,43954,44117
B,63,43990,44128
B,0,44134,44140
B,43,43954,44148
B,37,44152,44158
B,63,44092,44160
B,0,44139,44172
B,58,44167,44177
B,43,43970,44180
B,63,44146,44192
B,2,44194,44208
B,43,44013,44212
B,17,44204,44220
B,63,44141,44224
B,36,44220,44232
B,43,44171,44244
B,63,44128,44256
B,36,44260,44270
B,43,44141,44276
B,39,44268,44282
B,80,44278,44284
B,63,43927,44288
B,2,44288,44302
B,87,44295,44303
B,43,44231,44308
B,63,44167,44320
B,80,44325,44331
B,43,44155,44340
B,14,44333,44343
B,3,44338,44348
B,63,44296,44352
B,1,44356,44366
B,43,44082,44372
B,63,44306,44384
B,2,44378,44396
B,43,44285,44404
B,63,44369,44416
B,1,44363,44436
B,43,44246,44436
B,63,44043,44448
B,43,44284,44468
B,38,44321,44468
B,63,44248,44480
B,43,44197,44500
B,39,44497,44503
B,63,44189,44512
B,43,44452,44532
B,63,44483,44544
B,43,44543,44564
B,2,44549,44568
B,63,44498,44576
B,43,44116,44596
B,79,44548,44597
B,39,44597,44607
B,63,44484,44608
B,38,44598,44612
B,1,44607,44613
B,43,44601,44628
B,63,44452,44640
B,39,44647,44657
B,43,44518,44660
B,37,44660,44670
B,63,44489,44672
B,10,44673,44685
B,43,44656,44692
B,63,44578,44704
B,79,44705,44709
B,39,44709,44719
B,43,44208,44724
B,63,44705,44736
B,43,44126,44756
B,63,44714,44768
B,37,44766,44776
B,43,44769,44788
B,39,44762,44791
B,22,44789,44797
B,63,44722,44800
B,79,44799,44803
B,43,44279,44820
B,63,44746,44832
B,9,44820,44834
B,43,44624,44852
B,94,44853,44861
B,63,44717,44864
B,1,44852,44866
B,43,44753,44884
B,79,44883,44887
B,0,44882,44892
B,63,44723,44896
B,43,44630,44916
B,63,44741,44928
B,3,44918,44930
B,36,44933,44947
B,43,44891,44948
B,63,44732,44960
B,43,44976,44988
B,63,44825,44992
B,37,45008,45018
B,63,44994,45024
B,9,45036,45050
B,63,44994,45056
B,43,45065,45077
B,63,44800,45088
B,86,45083,45093
B,3,45091,45097
B,63,44703,45120
B,43,45117,45125
B,22,45121,45129
B,38,45127,45143
B,63,45093,45152
B,37,45155,45165
B,0,45152,45166
B,63,45116,45184
B,43,45184,45195
B,72,45190,45196
B,63,45181,45216
B,43,45164,45227
B,43,45238,45259
B,63,45244,45264
B,37,45254,45268
B,39,45275,45281
B,43,45277,45291
B,63,45270,45296
B,3,45306,45312
B,43,45334,45342
B,93,45336,45342
B,81,45337,45345
B,63,45344,45352
B,15,45348,45360
B,43,45339,45374
B,36,45367,45377
B,82,45350,45379
B,63,45356,45384
B,14,45383,45393
B,0,45392,45398
B,2,45399,45405
B,43,45364,45406
B,63,45403,45419
B,43,45446,45450
B,63,45411,45451
B,2,45448,45458
B,74,45490,45498
B,43,45505,45517
B,63,45503,45519
B,57,45531,45539
B,43,45521,45549
B,63,45527,45551
B,2,45561,45567
B,86,45569,45579
B,43,45547,45581
B,63,45559,45583
B,43,45559,45613
B,63,45601,45615
B,39,45621,45635
B,43,45591,45645
B,63,45653,45661
B,43,45577,45677
B,3,45679,45685
B,63,45660,45693
B,43,45589,45709
B,86,45707,45717
B,63,45694,45725
B,50,45632,45732
B,43,45707,45741
B,93,45711,45745
B,63,45748,45757
B,43,45755,45773
B,75,45784,45794
B,1,45785,45799
B,63,45797,45801
B,43,45648,45805
B,7,45792,45810
B,43,45804,45837
B,1,45842,45852
B,75,45847,45857
B,43,45738,45869
B,63,45866,45878
B,2,45878,45892
B,43,45738,45901
B,63,45865,45910
B,43,45892,45933
B,63,45909,45942
B,43,45795,45965
B,63,45976,45992
B,43,45904,45997
B,50,45924,45997
B,63,45997,46024
B,39,46019,46025
B,43,46013,46029
B,94,46039,46047
B,0,46036,46050
B,38,46041,46055
B,63,46019,46056
B,43,46025,46061
B,63,46062,46088
B,43,46055,46093
B,63,46024,46120
B,43,45835,46125
B,39,46113,46127
B,63,46084,46152
B,43,46096,46157
B,63,46107,46184
B,43,45779,46189
B,38,46192,46202
B,63,46180,46216
B,43,45972,46221
B,63,46049,46248
B,0,46237,46251
B,43,46102,46253
B,4,46244,46258
B,1,46266,46272
B,63,46098,46280
B,43,46226,46285
B,3,46295,46301
B,1,46293,46309
B,63,46131,46312
B,43,46257,46317
B,1,46316,46341
B,63,46318,46344
B,43,46268,46349
B,2,46340,46350
B,63,46334,46376
B,43,46209,46381
B,2,46342,46382
B,1,46377,46387
B,39,46376,46390
B,63,46378,46408
B,43,45808,46413
B,37,46412,46418
B,0,46411,46425
B,79,46423,46427
B,38,46417,46427
B,63,46147,46440
B,43,46245,46445
B,2,46435,46449
B,0,46451,46465
B,63,46354,46472
B,43,46428,46477
B,1,46487,46503
B,63,46427,46504
B,43,46378,46509
B,63,46371,46536
B,43,46357,46541
B,10,46546,46558
B,43,46494,46573
B,0,46568,46574
B,50,46575,46583
B,79,46590,46594
B,43,46219,46605
B,63,46622,46634
B,43,46616,46637
B,43,46600,46669
B,37,46668,46678
B,63,46687,46691
B,43,46386,46701
B,43,46657,46733
B,59,46724,46736
B,94,46745,46753
B,43,46579,46765
B,63,46776,46780
B,59,46768,46780
B,3,46772,46786
B,43,46762,46797
B,51,46811,46821
B,43,46223,46829
B,38,46841,46847
B,0,46838,46852
B,39,46844,46854
B,43,46645,46861
B,63,46854,46866
B,46,46872,46882
B,43,46857,46893
B,63,46909,46913
B,43,46617,46925
B,43,46898,46957
B,63,46956,46960
B,37,46962,46987
B,43,46667,46989
B,43,46974,47021
B,73,47023,47029
B,63,47013,47029
B,43,46446,47053
B,63,47045,47061
B,74,47069,47077
B,43,46905,47085
B,63,47052,47093
B,43,46933,47117
B,63,47096,47125
B,43,46537,47149
B,63,47122,47157
B,43,47038,47181
B,3,47186,47192
B,9,47180,47194
B,63,47191,47207
B,43,46585,47213
B,38,47219,47225
B,79,47231,47235
B,0,47231,47237
B,63,47229,47239
B,43,47023,47245
B,63,47237,47271
B,43,46612,47277
B,38,47281,47295
B,43,47118,47309
B,43,47159,47341
B,63,47339,47355
B,38,47351,47357
B,43,47271,47373
B,3,47371,47385
B,43,47387,47405
B,63,47397,47413
B,3,47378,47417
B,43,46742,47437
B,63,47415,47445
B,43,47362,47469
B,39,47464,47470
B,38,47463,47473
B,63,47417,47477
B,36,47467,47479
B,0,47494,47500
B,43,46273,47501
B,63,47443,47509
B,1,47515,47529
B,43,47149,47533
B,63,47528,47541
B,3,47546,47557
B,37,47551,47561
B,0,47543,47563
B,43,47471,47565
B,63,47460,47573
B,43,47329,47597
B,63,47557,47605
B,43,47572,47629
B,63,47510,47637
B,43,46628,47661
B,63,47631,47669
B,2,47667,47673
B,46,47664,47674
B,43,47629,47693
B,63,47655,47701
B,2,47684,47705
B,43,47632,47725
B,63,47694,47733
B,43,47065,47757
B,63,47752,47765
B,95,47759,47769
B,43,47697,47789
B,53,47445,47795
B,63,47735,47797
B,43,47374,47821
B,63,47809,47829
B,43,47687,47853
B,63,47658,47861
B,38,47853,47867
B,43,47334,47885
B,74,47884,47892
B,3,47902,47912
B,43,47792,47917
B,1,47913,47923
B,43,47893,47949
B,81,47968,47976
B,43,47878,47981
B,63,47989,47993
B,79,47998,48002
B,43,47916,48013
B,63,47991,48025
B,18,48020,48028
B,1,48017,48031
B,43,47534,48045
B,63,48036,48057
B,3,48064,48076
B,43,47940,48077
B,2,48068,48078
B,63,48009,48089
B,43,47923,48109
B,36,48102,48112
B,0,48110,48116
B,4,48106,48120
B,63,48051,48121
B,43,48002,48141
B,87,48144,48152
B,63,48134,48153
B,53,48134,48160
B,43,47935,48173
B,38,48081,48175
B,63,48109,48185
B,81,48196,48204
B,43,47915,48205
B,0,48208,48214
B,43,47959,48237
B,87,48229,48237
B,37,48122,48238
B,2,48243,48253
B,43,47715,48269
B,36,48262,48272
B,43,48010,48301
B,87,48314,48322
B,43,48044,48333
B,38,48272,48333
B,43,48173,48365
B,63,48362,48366
B,2,48390,48396
B,43,48333,48397
B,1,48398,48412
B,43,48362,48429
B,0,48425,48431
B,1,48442,48452
B,43,48411,48461
B,3,48463,48469
B,36,48464,48474
B,43,47747,48493
B,80,48487,48493
B,89,48482,48494
B,3,48475,48501
B,63,48490,48502
B,36,48490,48506
B,1,48509,48519
B,43,48054,48525
B,63,48505,48534
B,37,48528,48542
B,39,48542,48556
B,43,48088,48557
B,63,47812,48567
B,2,48557,48571
B,1,48564,48574
B,37,48567,48581
B,43,48564,48589
B,63,48471,48599
B,2,48532,48603
B,39,48600,48610
B,43,48583,48621
B,37,48576,48622
B,2,48574,48635
B,0,48624,48638
B,39,48611,48642
B,63,48632,48644
B,43,46860,48653
B,63,48670,48682
B,43,48638,48685
B,39,48672,48686
B,63,48703,48715
B,43,48149,48717
B,39,48731,48741
B,63,48722,48747
B,1,48578,48749
B,43,48629,48749
B,3,48745,48751
B,1,48694,48781
B,43,48433,48781
B,38,48769,48783
B,63,48790,48798
B,1,48736,48813
B,43,48709,48813
B,63,48390,48830
B,43,48730,48845
B,63,48808,48862
B,1,48862,48868
B,21,48862,48868
B,2,48855,48869
B,43,48763,48877
B,63,48838,48894
B,2,48880,48901
B,39,48893,48907
B,43,48243,48909
B,63,48869,48926
B,2,48917,48933
B,39,48915,48939
B,43,48918,48941
B,63,48819,48958
B,43,48830,48973
B,39,48971,48977
B,63,48844,48990
B,43,48836,49005
B,17,49003,49019
B,63,49010,49026
B,43,48887,49037
B,50,49016,49043
B,63,49028,49058
B,1,49051,49061
B,38,49048,49062
B,43,49009,49069
B,63,49033,49090
B,1,49057,49093
B,43,49081,49101
B,63,49037,49122
B,1,49112,49125
B,22,49120,49128
B,43,49017,49133
B,0,49134,49144
B,37,49140,49154
B,2,49144,49154
B,38,49131,49162
B,36,49107,49165
B,43,49061,49165
B,38,49159,49194
B,63,49188,49196
B,43,49082,49197
B,1,49207,49221
B,63,49219,49228
B,43,49098,49229
B,79,49233,49243
B,63,49212,49260
B,43,49133,49261
B,39,49234,49264
B,38,49273,49279
B,63,49265,49292
B,43,49184,49293
B,63,49224,49324
B,43,49228,49325
B,63,49335,49356
B,43,49372,49384
B,63,49365,49388
B,63,49397,49420
B,37,49433,49447
B,63,49436,49452
B,43,49445,49453
B,63,49424,49484
B,43,49482,49498
B,63,49491,49516
B,43,49517,49530
B,63,49535,49548
B,43,49537,49562
B,39,49563,49573
B,63,49564,49580
B,43,49558,49594
B,36,49592,49602
B,63,49605,49613
B,80,49611,49617
B,43,49606,49626
B,38,49619,49629
B,0,49623,49641
B,63,49627,49645
B,43,49598,49658
B,36,49645,49665
B,16,49661,49675
B,63,49634,49677
B,43,49621,49690
B,0,49696,49702
B,63,49609,49709
B,2,49696,49710
B,43,49679,49722
B,39,49719,49725
B,0,49728,49738
B,63,49615,49741
B,43,49642,49754
B,4,49748,49762
B,0,49734,49770
B,63,49666,49773
B,43,49722,49786
B,63,49787,49805
B,38,49802,49808
B,2,49808,49814
B,43,49761,49818
B,63,49678,49837
B,2,49835,49846
B,43,49789,49850
B,63,49806,49869
B,72,49864,49872
B,43,49811,49882
B,23,49890,49900
B,63,49802,49901
B,43,49788,49914
B,39,49923,49933
B,63,49834,49933
B,43,49814,49946
B,90,49941,49953
B,63,49896,49965
B,43,49906,49978
B,2,49973,49983
B,79,49981,49991
B,63,49880,49997
B,36,49991,50003
B,93,50002,50008
B,43,49830,50010
B,44,50005,50019
B,63,50007,50029
B,75,50026,50036
B,43,50008,50042
B,63,49902,50061
B,43,49894,50074
B,37,50084,50090
B,63,49994,50093
B,43,50061,50106
B,57,50098,50106
B,1,50116,50122
B,63,49939,50125
B,43,49910,50138
B,37,50140,50146
B,1,50151,50157
B,63,50089,50157
B,43,50083,50170
B,0,50054,50172
B,63,50158,50189
B,43,49936,50202
B,63,50170,50221
B,43,50104,50234
B,39,50226,50236
B,63,50237,50253
B,43,50179,50266
B,63,50280,50292
B,43,49893,50298
B,7,50299,50317
B,63,50294,50324
B,43,50220,50330
B,14,50327,50337
B,87,50329,50337
B,39,50340,50346
B,63,50335,50356
B,7,50342,50360
B,43,50136,50362
B,63,50325,50388
B,43,50352,50394
B,63,50353,50420
B,43,50135,50426
B,2,50427,50433
B,1,50428,50444
B,39,50439,50445
B,43,50348,50458
B,3,50434,50472
B,63,50472,50480
B,43,50069,50490
B,36,50467,50512
B,63,50477,50512
B,43,50368,50522
B,37,50136,50523
B,63,50480,50544
B,43,50340,50554
B,36,50526,50558
B,1,50561,50571
B,37,50562,50572
B,63,50529,50576
B,3,50564,50578
B,43,50218,50586
B,2,50582,50588
B,1,50607,50613
B,43,50572,50618
B,63,50619,50623
B,39,50631,50641
B,43,50515,50650
B,63,50630,50655
B,43,50643,50682
B,63,50629,50687
B,43,50525,50714
B,63,50672,50719
B,3,50713,50723
B,43,50311,50746
B,63,50634,50751
B,43,50541,50778
B,63,50751,50783
B,43,50619,50810
B,63,50639,50815
B,86,50817,50827
B,38,50822,50832
B,43,50576,50842
B,63,50772,50847
B,86,50844,50859
B,43,50601,50874
B,63,50838,50879
B,39,50828,50880
B,3,50870,50884
B,38,50883,50889
B,43,50768,50906
B,63,50830,50911
B,15,50903,50915
B,43,50585,50938
B,63,50932,50943
B,14,50937,50947
B,0,50942,50952
B,43,50314,50970
B,63,50898,50975
B,0,50987,51001
B,43,50918,51002
B,63,50909,51007
B,1,50989,51031
B,43,50856,51034
B,63,50926,51039
B,89,51043,51055
B,58,51048,51058
B,43,50918,51066
B,63,50970,51071
B,43,50539,51098
B,63,50989,51103
B,43,50999,51130
B,81,51125,51133
B,63,51006,51135
B,43,50901,51162
B,63,51123,51167
B,3,51172,51186
B,43,50446,51194
B,63,51126,51199
B,37,51187,51201
B,81,51195,51203
B,43,51126,51226
B,63,51219,51231
B,43,50506,51258
B,63,51134,51263
B,75,51277,51287
B,43,51232,51290
B,63,51150,51295
B,43,50905,51322
B,63,51180,51327
B,43,51048,51354
B,63,51173,51359
B,75,51355,51365
B,43,51098,51386
B,63,51367,51391
B,36,51402,51414
B,43,51231,51418
B,63,51227,51423
B,38,51423,51429
B,39,51420,51447
B,43,51409,51450
B,63,51409,51455
B,43,51472,51482
B,63,51385,51487
B,43,51488,51514
B,63,51491,51519
B,43,51492,51546
B,43,51009,51578
B,63,51576,51584
B,43,51576,51610
B,63,51610,51618
B,36,51242,51620
B,79,51626,51630
B,43,51265,51642
B,63,51632,51650
B,7,51654,51672
B,43,51653,51674
B,90,51554,51676
B,2,51672,51686
B,0,51681,51691
B,38,51677,51693
B,43,51554,51706
B,36,51696,51708
B,63,51681,51708
B,2,51704,51718
B,54,51726,51736
B,43,51713,51738
B,63,51750,51762
B,43,51615,51770
B,2,51765,51779
B,63,51767,51794
B,43,51073,51802
B,38,51765,51810
B,63,51791,51826
B,39,51684,51833
B,43,51710,51834
B,63,51830,51858
B,43,51338,51866
B,0,51873,51879
B,94,51871,51879
B,22,51872,51880
B,63,51831,51890
B,43,51770,51898
B,9,51892,51906
B,3,51909,51915
B,75,51906,51916
B,63,51833,51922
B,43,51719,51930
B,63,51828,51954
B,43,51885,51962
B,58,51957,51967
B,63,51910,51986
B,43,51972,51994
B,63,51980,52018
B,2,52007,52021
B,43,51442,52026
B,36,52025,52037
B,1,52033,52043
B,43,51940,52058
B,63,51736,52061
B,3,52083,52089
B,43,51485,52090
B,18,52097,52105
B,75,52098,52108
B,63,52104,52112
B,3,52090,52121
B,43,52071,52122
B,0,52131,52145
B,43,52027,52154
B,63,52151,52159
B,38,52157,52167
B,43,51664,52186
B,63,52175,52191
B,1,52193,52203
B,39,52199,52209
B,43,51992,52218
B,63,52166,52223
B,43,51692,52250
B,63,52125,52255
B,1,52259,52269
B,38,52259,52275
B,43,52070,52282
B,63,52269,52287
B,38,51698,52307
B,43,51874,52314
B,63,52275,52319
B,74,52321,52329
B,1,52326,52332
B,90,52323,52335
B,43,52235,52346
B,36,51704,52350
B,63,52301,52351
B,43,52308,52378
B,36,52122,52382
B,63,52329,52383
B,2,52378,52384
B,39,52380,52386
B,38,52382,52388
B,43,51504,52410
B,36,51710,52414
B,63,52378,52415
B,2,52371,52416
B,46,52412,52422
B,21,52420,52426
B,38,52433,52439
B,43,52342,52442
B,37,52007,52443
B,63,52363,52447
B,43,52420,52474
B,79,52398,52475
B,63,52408,52479
B,37,52009,52484
B,17,52468,52484
B,18,52478,52486
B,72,52489,52495
B,43,52399,52506
B,63,52457,52511
B,1,52507,52513
B,36,52421,52518
B,45,52508,52520
B,39,52513,52527
B,82,52521,52529
B,43,51394,52538
B,63,52458,52543
B,0,52537,52547
B,43,52412,52570
B,63,52442,52575
B,43,52542,52602
B,36,52620,52630
B,43,52541,52634
B,63,52588,52643
B,38,52648,52658
B,43,52505,52666
B,10,52662,52674
B,63,52673,52681
B,43,52463,52698
B,81,52690,52698
B,63,52678,52713
B,3,52709,52723
B,43,52509,52730
B,63,52684,52745
B,43,51769,52762
B,37,52763,52773
B,63,52703,52777
B,43,52493,52794
B,3,52782,52796
B,63,52717,52809
B,43,52775,52826
B,37,52259,52827
B,63,52761,52841
B,39,52831,52845
B,43,52820,52858
B,63,52720,52873
B,43,52853,52890
B,2,52881,52891
B,14,52870,52891
B,46,52882,52892
B,63,52749,52905
B,43,52897,52922
B,1,52921,52927
B,46,52921,52931
B,63,52829,52937
B,43,52879,52954
B,63,52869,52969
B,39,52968,52974
B,43,52522,52986
B,0,52983,52989
B,63,52968,53001
B,43,52991,53018
B,52,52986,53022
B,2,53031,53041
B,63,53035,53043
B,43,52851,53050
B,2,53071,53081
B,63,53077,53081
B,43,53036,53082
B,36,53099,53109
B,63,52938,53113
B,43,53001,53114
B,43,52886,53146
B,37,53150,53160
B,36,53159,53169
B,63,53162,53170
B,43,53135,53178
B,3,53171,53185
B,39,53184,53190
B,37,53193,53199
B,63,53165,53202
B,74,53201,53209
B,43,52988,53210
B,63,53206,53234
B,43,53158,53242
B,89,53237,53249
B,22,53250,53258
B,63,53169,53266
B,45,53256,53268
B,43,52950,53274
B,21,53264,53288
B,63,53290,53298
B,43,53098,53306
B,37,53304,53314
B,63,53291,53330
B,43,53070,53338
B,1,53341,53347
B,63,53324,53362
B,43,53298,53370
B,52,53365,53377
B,43,53273,53402
B,38,53396,53402
B,37,53390,53404
B,63,53399,53407
B,3,53416,53428
B,43,53286,53434
B,36,53421,53435
B,80,53446,53452
B,43,53313,53466
B,36,53440,53467
B,7,53452,53470
B,88,53461,53471
B,1,53463,53477
B,38,53442,53478
B,43,53355,53498
B,63,53496,53504
B,52,53499,53511
B,89,53514,53526
B,63,53519,53536
B,43,53534,53542
B,1,53536,53550
B,38,53553,53563
B,63,53530,53568
B,43,53542,53574
B,63,53563,53600
B,36,53614,53624
B,63,53645,53653
B,43,53648,53664
B,63,53665,53685
B,43,53699,53711
B,63,53668,53717
B,0,53730,53736
B,87,53731,53739
B,43,53727,53743
B,63,53662,53749
B,2,53747,53761
B,63,53718,53781
B,86,53779,53789
B,38,53785,53791
B,1,53806,53812
B,63,53796,53813
B,74,53809,53817
B,43,53802,53823
B,63,53774,53845
B,43,53814,53855
B,37,53854,53860
B,2,53859,53869
B,63,53799,53877
B,43,53813,53887
B,37,53854,53892
B,72,53892,53898
B,63,53862,53909
B,43,53857,53919
B,81,53916,53924
B,0,53924,53938
B,63,53886,53941
B,43,53858,53951
B,80,53918,53954
B,63,53869,53973
B,43,53903,53983
B,82,53979,53987
B,63,53839,54005
B,37,53996,54006
B,0,53996,54014
B,43,53960,54015
B,2,54017,54023
B,63,53879,54037
B,43,53919,54047
B,2,54047,54055
B,63,53888,54069
B,43,53961,54079
B,0,54069,54083
B,39,54084,54094
B,63,53929,54101
B,36,54092,54106
B,43,54053,54111
B,39,54123,54133
B,63,54060,54133
B,74,54128,54136
B,43,53861,54143
B,17,54137,54153
B,63,54104,54165
B,43,53979,54175
B,50,54158,54177
B,63,54103,54197
B,43,53962,54207
B,88,54217,54227
B,63,54217,54229
B,43,54043,54239
B,39,54250,54260
B,63,54114,54261
B,43,54208,54271
B,63,54117,54293
B,43,54160,54303
B,1,54306,54316
B,63,54196,54325
B,43,54279,54335
B,63,54295,54357
B,63,54283,54389
B,93,54401,54407
B,37,54406,54416
B,63,54192,54421
B,43,54424,54432
B,36,54420,54434
B,2,54431,54441
B,90,54423,54445
B,1,54438,54448
B,63,54428,54453
B,0,54470,54480
B,73,54476,54482
B,38,54472,54482
B,63,54411,54485
B,43,54480,54488
B,81,54504,54512
B,63,54503,54517
B,43,54495,54520
B,3,54524,54530
B,63,54524,54549
B,37,54550,54564
B,90,54561,54573
B,63,54562,54581
B,80,54594,54600
B,63,54555,54613
B,3,54613,54625
B,37,54617,54627
B,2,54628,54642
B,73,54638,54644
B,63,54611,54645
B,39,54647,54661
B,43,54653,54665
B,63,54632,54677
B,43,54665,54697
B,38,54688,54702
B,63,54687,54709
B,43,54673,54729
B,63,54713,54741
B,36,54729,54743
B,74,54749,54757
B,80,54753,54759
B,43,54703,54761
B,1,54752,54766
B,63,54656,54773
B,37,54784,54790
B,80,54782,54791
B,43,54762,54793
B,63,54703,54805
B,43,54801,54825
B,63,54743,54837
B,43,54771,54857
B,63,54776,54869
B,86,54867,54877
B,43,54807,54889
B,63,54825,54901
B,94,54883,54907
B,2,54902,54916
B,43,54891,54921
B,63,54924,54933
B,3,54937,54947
B,43,54795,54953
B,36,54917,54954
B,39,54962,54968
B,0,54971,54977
B,43,54920,54985
B,43,54843,55017
B,43,54950,55049
B,63,55038,55050
B,87,55068,55076
B,54,55069,55079
B,43,55060,55081
B,38,55070,55084
B,63,55081,55093
B,1,55078,55094
B,36,55102,55112
B,43,54956,55113
B,95,55111,55121
B,43,55093,55145
B,63,55107,55154
B,44,55153,55167
B,43,55083,55177
B,63,55171,55186
B,1,55185,55191
B,82,55184,55192
B,93,55190,55196
B,43,55179,55209
B,63,55208,55218
B,39,55215,55221
B,57,55221,55229
B,43,55235,55247
B,63,55200,55250
B,0,55252,55258
B,43,55240,55279
B,38,55265,55279
B,8,55263,55279
B,63,55227,55282
B,43,55286,55311
B,37,55300,55314
B,63,55323,55331
B,43,55322,55343
B,63,55345,55363
B,43,55311,55375
B,0,55363,55377
B,80,55355,55388
B,36,55381,55391
B,45,55379,55391
B,63,55347,55395
B,43,55328,55407
B,63,55346,55427
B,43,55407,55439
B,1,55430,55444
B,93,55445,55451
B,63,55379,55459
B,43,55448,55471
B,63,55436,55491
B,82,55481,55491
B,43,55462,55503
B,73,55494,55519
B,63,55387,55523
B,63,55489,55555
B,43,55573,55581
B,79,55576,55586
B,63,55465,55587
B,43,55588,55613
B,63,55500,55619
B,2,55612,55626
B,43,55589,55645
B,63,55456,55651
B,43,55669,55677
B,63,55599,55683
B,43,55704,55714
B,63,55488,55715
B,43,55724,55746
B,63,55521,55747
B,43,55741,55778
B,63,55774,55779
B,3,55794,55808
B,43,55785,55810
B,63,55567,55811
B,37,55822,55836
B,3,55811,55840
B,39,55826,55840
B,0,55832,55842
B,43,55775,55842
B,63,55769,55843
B,39,55831,55872
B,43,55774,55874
B,1,55855,55875
B,63,55685,55875
B,63,55842,55907
B,53,55761,55911
B,43,55914,55926
B,63,55718,55939
B,0,55935,55941
B,36,55933,55958
B,43,55943,55958
B,63,55752,55971
B,86,55938,55973
B,38,55970,55980
B,43,55984,55996
B,3,55997,56003
B,63,55898,56003
B,39,56009,56015
B,75,56018,56026
B,43,56017,56028
B,63,55752,56035
B,43,56027,56060
B,36,56054,56064
B,63,55929,56067
B,72,56070,56076
B,63,55897,56099
B,63,56021,56131
B,43,56125,56137
B,63,55787,56163
B,36,56160,56170
B,43,56162,56170
B,38,56175,56191
B,63,55924,56195
B,43,56167,56202
B,93,56217,56223
B,63,56010,56227
B,43,56194,56234
B,36,56217,56236
B,2,56229,56243
B,63,56095,56259
B,43,56250,56266
B,36,56243,56268
B,63,56104,56291
B,39,56291,56297
B,43,56279,56298
B,50,56315,56323
B,63,55919,56323
B,43,56305,56330
B,39,56341,56351
B,63,56182,56355
B,43,56347,56362
B,63,56098,56387
B,36,56378,56388
B,43,56378,56394
B,10,56386,56398
B,63,56201,56419
B,43,56352,56426
B,1,56431,56437
B,63,56139,56451
B,43,56321,56458
B,38,56435,56459
B,14,56471,56481
B,63,56336,56483
B,45,56473,56485
B,43,56421,56490
B,38,56502,56508
B,63,56214,56515
B,9,56476,56519
B,43,56396,56522
B,63,56318,56547
B,10,56504,56549
B,43,56436,56554
B,86,56553,56563
B,63,56236,56579
B,43,56411,56586
B,88,56576,56595
B,39,56593,56607
B,80,56602,56608
B,63,56280,56611
B,43,56502,56618
B,79,56618,56628
B,63,56480,56643
B,43,56536,56650
B,2,56650,56656
B,63,56308,56675
B,43,56613,56682
B,73,56699,56705
B,63,56601,56707
B,43,56687,56714
B,1,56702,56718
B,63,56395,56739
B,43,56751,56759
B,63,55883,56771
B,0,56763,56773
B,95,56777,56787
B,63,56272,56803
B,63,56627,56835
B,43,56826,56838
B,37,56832,56842
B,63,56365,56867
B,0,56869,56875
B,63,56858,56899
B,36,56916,56930
B,63,56792,56931
B,2,56948,56954
B,63,56510,56963
B,43,56956,56968
B,63,56862,56995
B,43,56978,57000
B,1,56996,57002
B,53,57000,57014
B,63,56752,57027
B,43,57009,57032
B,89,57025,57048
B,23,57043,57053
B,37,57049,57059
B,63,55912,57059
B,43,57038,57064
B,72,57079,57085
B,63,56655,57091
B,43,57034,57096
B,63,56313,57123
B,53,57113,57127
B,43,57114,57128
B,63,56901,57155
B,43,57130,57160
B,2,57163,57177
B,63,56846,57187
B,43,57186,57192
B,2,57187,57209
B,63,56983,57219
B,95,57210,57220
B,43,57159,57224
B,46,57226,57236
B,63,56706,57251
B,43,57234,57256
B,3,57259,57269
B,80,57277,57283
B,63,56318,57283
B,43,57220,57288
B,63,56733,57315
B,43,57181,57320
B,50,57312,57320
B,63,56943,57347
B,43,57228,57352
B,38,57366,57376
B,63,56926,57379
B,43,57324,57384
B,2,57375,57385
B,21,57380,57386
B,63,57223,57411
B,79,57408,57412
B,43,57425,57433
B,63,57237,57443
B,43,57451,57465
B,63,57344,57475
B,43,57484,57497
B,63,55800,57507
B,0,57512,57518
B,73,57520,57526
B,43,57531,57535
B,95,57527,57537
B,63,57153,57539
B,1,57553,57559
B,17,57552,57568
B,63,57287,57571
B,43,57568,57580
B,87,57580,57588
B,63,57378,57603
B,43,57607,57619
B,63,56989,57635
B,46,57628,57638
B,43,57652,57656
B,63,57445,57667
B,43,57647,57688
B,9,57680,57694
B,63,57341,57699
B,43,57664,57720
B,63,57616,57731
B,75,57724,57734
B,36,57730,57742
B,43,57653,57752
B,15,57740,57752
B,63,57096,57763
B,1,57755,57770
B,43,57724,57784
B,63,57709,57795
B,2,57795,57801
B,43,57769,57816
B,36,57809,57823
B,79,57819,57823
B,63,56935,57827
B,75,57820,57828
B,0,57828,57842
B,43,57811,57848
B,63,57718,57859
B,43,57798,57880
B,63,57663,57891
B,17,57890,57906
B,43,57881,57912
B,63,57898,57923
B,39,57914,57924
B,93,57930,57936
B,37,57922,57940
B,43,57846,57944
B,63,57785,57955
B,43,57885,57976
B,63,56801,57987
B,43,57899,58008
B,63,57827,58019
B,36,58025,58035
B,43,58030,58042
B,63,57078,58051
B,36,58026,58067
B,43,58048,58074
B,63,57918,58083
B,43,58069,58106
B,63,57372,58115
B,63,58029,58147
B,86,58151,58161
B,2,58162,58172
B,43,58166,58174
B,63,58031,58179
B,1,58181,58187
B,43,58202,58210
B,63,57718,58211
B,73,58215,58221
B,37,58207,58225
B,43,58221,58242
B,63,57926,58243
B,43,58241,58274
B,63,57937,58275
B,95,58269,58279
B,43,58242,58306
B,63,58057,58307
B,94,58299,58309
B,38,58318,58328
B,37,58320,58334
B,43,58243,58338
B,63,58078,58339
B,95,58327,58343
B,43,58277,58370
B,37,58336,58371
B,63,58091,58371
B,2,58364,58374
B,57,58383,58391
B,43,58351,58402
B,63,58164,58403
B,0,58415,58421
B,8,58413,58429
B,43,58372,58434
B,63,57186,58435
B,75,58430,58438
B,82,58431,58439
B,38,58439,58453
B,43,58356,58466
B,63,57589,58467
B,53,58476,58490
B,73,58491,58497
B,43,58448,58498
B,63,58160,58499
B,1,58497,58511
B,43,58365,58530
B,63,58139,58531
B,36,58480,58535
B,43,58509,58562
B,63,58093,58563
B,75,58575,58585
B,63,57541,58595
B,39,58588,58602
B,43,58610,58618
B,63,58565,58627
B,43,58621,58650
B,63,58025,58659
B,43,58641,58682
B,63,58330,58691
B,3,58682,58696
B,2,58688,58702
B,39,58704,58714
B,38,58712,58722
B,63,58362,58723
B,2,58725,58735
B,43,58725,58745
B,63,58144,58755
B,37,58736,58756
B,63,58197,58787
B,1,58774,58788
B,43,58786,58790
B,38,58777,58791
B,75,58790,58800
B,73,58796,58802
B,63,58717,58819
B,1,58810,58820
B,74,58815,58823
B,79,58801,58826
B,43,58821,58833
B,2,58825,58849
B,63,58502,58851
B,1,58798,58852
B,43,58824,58865
B,63,57311,58883
B,39,58873,58887
B,73,58891,58897
B,43,58828,58897
B,63,58725,58915
B,36,58910,58920
B,43,58866,58929
B,63,58339,58947
B,43,58883,58961
B,63,57672,58979
B,1,58967,58981
B,43,58903,58993
B,63,58863,59011
B,3,59009,59021
B,43,58948,59025
B,63,58745,59043
B,43,59005,59057
B,3,59060,59066
B,63,58390,59075
B,43,59013,59089
B,63,58050,59107
B,74,59103,59111
B,43,59048,59121
B,63,58241,59139
B,1,59134,59144
B,43,59053,59153
B,63,59058,59171
B,72,59173,59179
B,43,59074,59185
B,2,59181,59191
B,63,58283,59203
B,0,59195,59209
B,43,59067,59217
B,38,59204,59220
B,63,59090,59235
B,43,59110,59249
B,63,58821,59267
B,37,59268,59274
B,43,59025,59281
B,3,59269,59283
B,7,59278,59296
B,63,58475,59299
B,43,59186,59313
B,15,59161,59327
B,63,58267,59331
B,43,59123,59345
B,1,59344,59350
B,63,58584,59363
B,43,59298,59377
B,0,59375,59385
B,63,58828,59395
B,43,59247,59409
B,63,59188,59427
B,50,59430,59438
B,43,59161,59441
B,39,59444,59450
B,63,58973,59459
B,43,59148,59473
B,39,59460,59482
B,2,59474,59484
B,63,58849,59491
B,43,59378,59505
B,80,59503,59509
B,63,59504,59523
B,43,59479,59537
B,58,59528,59538
B,2,59539,59549
B,63,58892,59555
B,3,59550,59556
B,80,59553,59559
B,43,59337,59569
B,63,59572,59587
B,43,59461,59601
B,63,59354,59619
B,36,59618,59628
B,43,59477,59633
B,3,59640,59650
B,63,58671,59651
B,95,59649,59659
B,43,59604,59665
B,63,59437,59683
B,43,59564,59697
B,39,59687,59697
B,2,59698,59712
B,63,58867,59715
B,36,59706,59720
B,43,59523,59729
B,38,59726,59736
B,63,59682,59747
B,1,59738,59752
B,43,59730,59761
B,37,59761,59767
B,9,59740,59778
B,63,59296,59779
B,38,59770,59780
B,43,59634,59793
B,73,59790,59796
B,63,58872,59811
B,43,59725,59825
B,82,59819,59827
B,63,59589,59843
B,43,59722,59857
B,45,59849,59861
B,63,59746,59875
B,43,59749,59889
B,74,59887,59895
B,63,59051,59907
B,43,59714,59921
B,63,59226,59939
B,43,59728,59953
B,63,59785,59971
B,43,59905,59985
B,63,59766,60003
B,75,59994,60004
B,43,59654,60017
B,39,60012,60018
B,87,60010,60018
B,63,59897,60035
B,43,59973,60049
B,63,59766,60067
B,43,59931,60081
B,63,59841,60099
B,0,60090,60100
B,43,59855,60113
B,2,60103,60113
B,63,59059,60131
B,0,60120,60134
B,79,60134,60138
B,43,60101,60145
B,36,60149,60159
B,63,59594,60163
B,43,60155,60177
B,63,59964,60195
B,43,60140,60209
B,2,60208,60214
B,1,60201,60215
B,63,60086,60227
B,3,60221,60235
B,43,59684,60241
B,38,60201,60241
B,36,60235,60249
B,63,60207,60259
B,58,60250,60260
B,43,60074,60273
B,79,60266,60276
B,63,60075,60291
B,43,60105,60305
B,3,60293,60307
B,63,59173,60323
B,2,60320,60326
B,43,60299,60337
B,37,60218,60339
B,63,59731,60355
B,3,60347,60359
B,43,60160,60369
B,50,60257,60383
B,63,60370,60387
B,44,60382,60396
B,43,60389,60401
B,39,60395,60405
B,63,60110,60419
B,54,60413,60423
B,43,60345,60433
B,63,60418,60451
B,43,60039,60465
B,36,60370,60469
B,52,60457,60469
B,63,60323,60483
B,43,60126,60497
B,38,60403,60497
B,1,60484,60500
B,63,59778,60515
B,43,60336,60529
B,38,60492,60529
B,63,60417,60547
B,39,60306,60548
B,58,60545,60555
B,43,60487,60561
B,63,59837,60579
B,43,60509,60593
B,63,60591,60611
B,43,60486,60625
B,0,60626,60640
B,63,60152,60643
B,81,60645,60653
B,43,60128,60657
B,1,60635,60670
B,38,60661,60671
B,63,60466,60675
B,43,60089,60689
B,63,60649,60707
B,43,60386,60721
B,63,60138,60739
B,38,60727,60741
B,43,60699,60753
B,63,60703,60771
B,43,60706,60785
B,2,60797,60803
B,63,60659,60803
B,53,60789,60803
B,43,60750,60817
B,63,60623,60835
B,43,60516,60849
B,63,60249,60867
B,43,60777,60881
B,23,60877,60887
B,63,60695,60899
B,43,60800,60913
B,38,60924,60930
B,63,60866,60931
B,43,60386,60945
B,79,60944,60948
B,0,60949,60955
B,63,60536,60963
B,43,60725,60977
B,82,60982,60992
B,63,60911,60995
B,39,60987,60997
B,43,60853,61009
B,1,61000,61016
B,38,61010,61020
B,63,60956,61027
B,43,60363,61041
B,0,61039,61050
B,63,60960,61059
B,43,60897,61073
B,1,61070,61076
B,63,60787,61091
B,3,61087,61093
B,37,61079,61099
B,74,61093,61101
B,43,60394,61105
B,38,61100,61110
B,39,61113,61119
B,63,61001,61123
B,43,61057,61137
B,38,61101,61142
B,39,61109,61151
B,63,60421,61155
B,87,61158,61166
B,43,61112,61169
B,53,61156,61170
B,63,60235,61187
B,43,60408,61201
B,74,61200,61208
B,63,61047,61219
B,43,61118,61233
B,63,60921,61251
B,4,61237,61251
B,2,61244,61254
B,0,61247,61265
B,43,61222,61265
B,39,61268,61274
B,52,61267,61279
B,63,61057,61283
B,2,61250,61293
B,43,61043,61297
B,63,60404,61315
B,43,61272,61329
B,38,61333,61339
B,63,61097,61347
B,72,61349,61355
B,43,61140,61361
B,63,61159,61379
B,79,61376,61380
B,43,61214,61393
B,63,60693,61411
B,80,61377,61414
B,43,60937,61425
B,3,61415,61425
B,63,61204,61443
B,43,61164,61457
B,3,61418,61457
B,63,61252,61475
B,1,61473,61479
B,43,61401,61489
B,63,61113,61507
B,3,61504,61510
B,43,61159,61521
B,63,61233,61539
B,39,61527,61541
B,36,61533,61545
B,43,61498,61553
B,63,61239,61571
B,37,61537,61575
B,43,61542,61585
B,63,61545,61603
B,38,61603,61613
B,43,61288,61617
B,0,61625,61635
B,63,61321,61635
B,43,61491,61649
B,2,61657,61667
B,63,61340,61667
B,43,61232,61681
B,7,61679,61697
B,63,61637,61699
B,43,61695,61713
B,63,61635,61731
B,43,61357,61745
B,63,61725,61763
B,2,61757,61771
B,43,61534,61777
B,1,61781,61795
B,63,61240,61795
B,43,61726,61809
B,63,61809,61827
B,39,61827,61837
B,72,61832,61838
B,43,61240,61841
B,63,61823,61859
B,43,61560,61873
B,63,61450,61891
B,43,61382,61905
B,63,61858,61923
B,43,61909,61937
B,63,61353,61955
B,2,61949,61959
B,43,61771,61969
B,63,61879,61987
B,36,61974,61994
B,43,61662,62001
B,63,61746,62019
B,43,61862,62033
B,81,62037,62045
B,63,61339,62051
B,1,62046,62052
B,43,61332,62065
B,0,62068,62074
B,63,61862,62083
B,43,61786,62097
B,2,62087,62097
B,36,62096,62108
B,63,62062,62115
B,44,62107,62121
B,43,61473,62129
B,39,62124,62134
B,75,62133,62143
B,63,61970,62147
B,9,62132,62153
B,43,62130,62161
B,63,61981,62179
B,9,62141,62185
B,43,61982,62193
B,63,62118,62211
B,43,61813,62225
B,1,62213,62227
B,63,62152,62243
B,36,62243,62253
B,43,61940,62257
B,1,62220,62259
B,63,62015,62275
B,17,62262,62278
B,38,62015,62281
B,43,61742,62289
B,63,62195,62307
B,43,62280,62321
B,1,62308,62324
B,59,62323,62335
B,63,62198,62339
B,81,62342,62350
B,43,61526,62353
B,74,62362,62370
B,63,62340,62371
B,43,61979,62385
B,63,62369,62403
B,3,62407,62413
B,43,62357,62417
B,21,62416,62422
B,63,62407,62435
B,43,61823,62449
B,63,62433,62467
B,43,62205,62481
B,36,62474,62486
B,63,62462,62499
B,37,62492,62502
B,43,62144,62513
B,63,62523,62531
B,36,62524,62536
B,43,62380,62545
B,1,62533,62547
B,63,62530,62563
B,37,62547,62566
B,43,62204,62577
B,1,62550,62579
B,2,62571,62581
B,36,62537,62600
B,43,61867,62609
B,63,62605,62617
B,86,62069,62640
B,43,62375,62641
B,90,62141,62643
B,63,62615,62649
B,18,62661,62669
B,39,62660,62670
B,43,61032,62673
B,63,62657,62681
B,0,62686,62692
B,43,61886,62705
B,63,62605,62713
B,79,62718,62722
B,3,62719,62729
B,43,61782,62737
B,63,62685,62745
B,75,62748,62760
B,43,62570,62769
B,63,62723,62777
B,36,62770,62780
B,38,62775,62785
B,43,62238,62801
B,63,62058,62809
B,81,62821,62829
B,38,62825,62831
B,43,62630,62833
B,63,62642,62841
B,43,62496,62865
B,52,62404,62869
B,63,62827,62873
B,43,62862,62897
B,36,62890,62902
B,22,62894,62902
B,63,62810,62905
B,82,62902,62912
B,46,62910,62920
B,43,62320,62929
B,63,62850,62937
B,43,62334,62961
B,63,62838,62969
B,39,62966,62980
B,43,62894,62993
B,74,62989,62997
B,43,62979,63025
B,63,63013,63041
B,43,62951,63057
B,38,63049,63063
B,63,63037,63073
B,2,63073,63079
B,1,63076,63086
B,43,63009,63089
B,63,63043,63105
B,43,63003,63121
B,37,63113,63123
B,63,63084,63137
B,95,63135,63145
B,43,62620,63153
B,39,63139,63153
B,94,63153,63175
B,63,63178,63182
B,43,62814,63185
B,0,63192,63202
B,43,62997,63217
B,72,63229,63237
B,43,63021,63249
B,82,63251,63271
B,43,63062,63281
B,0,63305,63311
B,43,63197,63313
B,2,63320,63334
B,43,63277,63345
B,43,62733,63377
B,36,63374,63384
B,86,63384,63394
B,39,63394,63408
B,43,61619,63409
B,38,63399,63412
B,63,62735,63419
B,43,63107,63441
B,38,63401,63444
B,63,63430,63451
B,7,63440,63458
B,2,63446,63460
B,43,63171,63473
B,74,63468,63476
B,63,63437,63483
B,10,63465,63484
B,43,63465,63505
B,37,63492,63506
B,39,63501,63511
B,63,62802,63515
B,53,63503,63517
B,43,63221,63537
B,63,62918,63547
B,43,63171,63569
B,63,63546,63579
B,43,62095,63601
B,63,63572,63611
B,0,63602,63612
B,43,62993,63633
B,37,63616,63634
B,3,63635,63641
B,63,63568,63643
B,17,63638,63654
B,2,63645,63659
B,43,63600,63665
B,37,63636,63666
B,79,63675,63679
B,43,63499,63697
B,63,63697,63701
B,38,63707,63713
B,43,63646,63729
B,63,63705,63733
B,43,63286,63761
B,63,63734,63765
B,1,63761,63775
B,39,63779,63785
B,43,63471,63793
B,63,63742,63797
B,43,63266,63825
B,63,63649,63829
B,36,63607,63830
B,2,63817,63831
B,43,63414,63857
B,50,63749,63857
B,10,63846,63858
B,63,63803,63861
B,43,63857,63889
B,63,63831,63893
B,43,63444,63921
B,63,63755,63925
B,75,63925,63935
B,43,63882,63953
B,63,63845,63957
B,37,63963,63977
B,43,63458,63985
B,63,63810,63989
B,79,64010,64014
B,43,63842,64017
B,63,63790,64021
B,43,63935,64049
B,63,64033,64053
B,39,64060,64066
B,38,64061,64067
B,43,63704,64081
B,63,63839,64085
B,0,64075,64089
B,43,63815,64113
B,63,63847,64117
B,43,63730,64145
B,63,63937,64149
B,37,64165,64175
B,43,64114,64177
B,46,64169,64179
B,63,63911,64181
B,3,64176,64190
B,43,63612,64209
B,63,64172,64213
B,43,64163,64241
B,63,64244,64256
B,2,64243,64257
B,81,64264,64272
B,43,64235,64273
B,63,64269,64288
B,36,64275,64289
B,2,64266,64289
B,43,64255,64305
B,75,64306,64314
B,9,64302,64316
B,63,64288,64320
B,43,64302,64337
B,82,64331,64339
B,63,64259,64352
B,43,64267,64369
B,74,64366,64374
B,63,64306,64384
B,15,64386,64398
B,43,64307,64401
B,63,64353,64416
B,72,64409,64417
B,43,64430,64434
B,86,64429,64439
B,63,64276,64448
B,72,64415,64449
B,1,64448,64454
B,38,64450,64464
B,3,64455,64465
B,86,64448,64471
B,63,64329,64480
B,82,64482,64492
B,63,64382,64512
B,39,64533,64539
B,63,64531,64544
B,54,64580,64590
B,8,64574,64590
B,43,64580,64592
B,63,64611,64615
B,37,64633,64647
B,63,64632,64648
B,80,64649,64655
B,2,64674,64680
B,74,64653,64689
B,63,64688,64700
B,1,64699,64713
B,63,64716,64732
B,43,64730,64734
B,1,64729,64745
B,43,64736,64766
B,38,64772,64786
B,0,64769,64787
B,43,64743,64798
B,63,64754,64814
B,43,64782,64830
B,63,64815,64846
B,43,64820,64862
B,43,64800,64894
B,8,64882,64898
B,63,64891,64899
B,2,64888,64902
B,38,64863,64904
B,80,64905,64911
B,51,64908,64918
B,37,64914,64920
B,43,64866,64926
B,63,64917,64931
B,94,64927,64935
B,1,64937,64951
B,43,64753,64958
B,63,64886,64963
B,1,64983,64989
B,43,64872,64990
B,88,64980,64990
B,63,64956,64995
B,43,64861,65022
B,63,65010,65027
B,0,65014,65032
B,46,65039,65049
B,43,65007,65054
B,63,65028,65059
B,0,65075,65085
B,43,65081,65091
B,63,64970,65091
B,63,65057,65123
B,43,65125,65129
B,1,65129,65135
B,63,65066,65155
B,43,65146,65161
B,43,65127,65193
B,63,65201,65217
B,43,65149,65225
B,14,65225,65235
B,0,65226,65236
B,63,65215,65249
B,43,65186,65257
B,0,65258,65272
B,63,65257,65281
B,38,65282,65288
B,43,65253,65289
B,63,65280,65313
B,37,65316,65322
B,43,65322,65334
B,89,65330,65342
B,63,65294,65345
B,82,65361,65371
B,36,65362,65374
B,63,65299,65377
B,43,65374,65384
B,38,65385,65391
B,63,65258,65409
B,3,65404,65410
B,43,65390,65416
B,36,65424,65434
B,63,65381,65441
B,43,65442,65450
B,74,65460,65468
B,63,65406,65473
B,43,65446,65482
B,63,65492,65505
B,3,65500,65510
B,39,65507,65521
B,3,65547,65557
B,43,65555,65567
B,38,65581,65595
B,89,65586,65598
B,43,65597,65605
B,2,65603,65609
B,63,65606,65614
B,43,65603,65637
B,63,65607,65646
B,39,65649,65655
B,36,65646,65658
B,3,65649,65663
B,43,65633,65669
B,38,65659,65673
B,39,65668,65687
B,0,65674,65689
B,3,65657,65695
B,43,65693,65705
B,63,65697,65709
B,17,65696,65712
B,38,65709,65715
B,1,65702,65723
B,2,65719,65733
B,22,65728,65736
B,43,65705,65737
B,87,65732,65740
B,63,65736,65752
B,36,65745,65755
B,0,65757,65763
B,2,65744,65765
B,43,65754,65769
B,63,65792,65796
B,43,65779,65801
B,21,65796,65802
B,63,65799,65828
B,43,65813,65833
B,0,65821,65835
B,57,65812,65836
B,63,65840,65860
B,43,65817,65865
B,18,65855,65868
B,38,65873,65883
B,63,65863,65892
B,43,65832,65897
B,63,65855,65924
B,43,65903,65929
B,38,65941,65951
B,75,65942,65952
B,63,65935,65956
B,74,65949,65957
B,43,65841,65961
B,38,65953,65983
B,43,65947,65993
B,36,65995,66013
B,43,65973,66025
B,63,66030,66046
B,43,65984,66057
B,50,66068,66076
B,63,66048,66078
B,43,66075,66089
B,93,66087,66093
B,50,66102,66110
B,63,66095,66110
B,43,66049,66121
B,63,66105,66142
B,3,66146,66152
B,43,66050,66153
B,81,66158,66166
B,63,66099,66174
B,43,66126,66185
B,39,66173,66187
B,0,66196,66202
B,63,66163,66206
B,43,66105,66217
B,36,66223,66233
B,63,66116,66238
B,0,66214,66243
B,43,66210,66249
B,37,66251,66257
B,1,66251,66261
B,63,66225,66270
B,43,66201,66281
B,63,66293,66302
B,43,66218,66313
B,36,66321,66333
B,63,66308,66334
B,43,66251,66345
B,63,66232,66366
B,43,66302,66377
B,63,66290,66398
B,43,66261,66409
B,2,66405,66411
B,63,66350,66430
B,43,66264,66441
B,37,66321,66443
B,8,66433,66449
B,38,66444,66454
B,63,66307,66462
B,43,66275,66473
B,7,66295,66474
B,37,66335,66475
B,1,66462,66476
B,2,66447,66483
B,63,66433,66494
B,46,66484,66494
B,43,66421,66505
B,38,66366,66505
B,63,66417,66526
B,43,66335,66537
B,63,66369,66558
B,43,66521,66569
B,37,66537,66570
B,63,66400,66590
B,43,66581,66601
B,37,66576,66602
B,63,66557,66622
B,43,66546,66633
B,37,66539,66634
B,36,66623,66637
B,63,66618,66654
B,43,66562,66665
B,37,66655,66666
B,63,66645,66686
B,1,66675,66689
B,43,66551,66697
B,18,66703,66711
B,37,66707,66713
B,63,66687,66718
B,43,66695,66729
B,36,66709,66747
B,63,66465,66750
B,43,66621,66761
B,0,66756,66770
B,63,66539,66782
B,43,66569,66793
B,63,66760,66814
B,43,66700,66825
B,3,66832,66846
B,63,66682,66846
B,4,66837,66851
B,43,66748,66857
B,74,66863,66873
B,38,66862,66876
B,16,66862,66876
B,63,66626,66878
B,43,66742,66889
B,79,66890,66900
B,73,66884,66907
B,63,66770,66910
B,0,66917,66931
B,79,66892,66932
B,75,66924,66934
B,63,66601,66942
B,39,66938,66944
B,82,66937,66951
B,37,66934,66952
B,59,66940,66952
B,81,66959,66969
B,63,66635,66974
B,81,66962,67001
B,38,67010,67016
B,3,67010,67024
B,37,67108,67118
B,2,67110,67120
B,74,67111,67121
B,75,67112,67122
B,73,67127,67137
B,79,67174,67184
B,79,67213,67223
B,37,67220,67226
B,36,67217,67227
B,72,67217,67227
B,52,67223,67235
B,75,67260,67270
B,2,67267,67277
B,38,67267,67277
B,21,67283,67289
B,73,67291,67301
B,39,67296,67302
B,75,67281,67302
B,0,67298,67304
B,39,67330,67340
B,2,67357,67371
B,0,67384,67390
B,15,67395,67407
B,9,67396,67410
B,82,67398,67412
B,79,67413,67423
B,80,67429,67440
B,37,67443,67451
B,75,67447,67457
B,82,67449,67463
B,72,67459,67469
B,73,67479,67489
B,81,67494,67504
B,74,67504,67519
B,37,67516,67530
B,39,67548,67554
B,82,67543,67557
B,75,67581,67591
B,72,67608,67618
B,75,67596,67623
B,73,67638,67648
B,72,67614,67650
B,81,67657,67667
B,73,67676,67686
B,79,67724,67734
B,39,67803,67809
B,46,67809,67819
B,3,67821,67835
B,82,67839,67853
B,73,67873,67883
B,73,67903,67915
B,1,67911,67921
B,37,67955,67969
B,79,67985,67995
B,75,67990,68000
B,36,68008,68020
B,82,68026,68040
B,37,68039,68053
B,3,68053,68067
B,74,68072,68082
B,72,68103,68113
B,59,68104,68116
B,79,68114,68124
B,74,68114,68124
B,39,68118,68124
B,75,68136,68146
B,74,68124,68156
B,73,68170,68180
B,36,68195,68209
B,80,68203,68213
B,3,68207,68221
B,36,68209,68241
B,79,68246,68256
B,74,68251,68261
B,0,68252,68262
B,59,68257,68269
B,37,68282,68288
B,79,68260,68288
B,80,68291,68301
B,38,68310,68324
B,75,68334,68342
B,38,68349,68359
B,81,68350,68360
B,37,68366,68372
B,2,68358,68372
B,2,68375,68404
B,10,68402,68414
B,2,68428,68436
B,75,68426,68436
B,10,68412,68446
B,38,68441,68447
B,2,68449,68468
B,80,68466,68472
B,38,68442,68479
B,38,68457,68511
B,36,68531,68543
B,82,68535,68549
B,82,68546,68581
B,54,68575,68585
B,1,68606,68620
B,81,68619,68629
B,82,68618,68632
B,82,68621,68664
B,82,68654,68696
B,1,68686,68702
B,79,68719,68729
B,81,68756,68766
B,52,68756,68768
B,74,68766,68776
B,36,68784,68794
B,75,68785,68800
B,79,68811,68821
B,74,68811,68821
B,72,68835,68845
B,81,68861,68871
B,3,68927,68941
B,18,68950,68958
B,72,68954,68964
B,82,68958,68972
B,81,68991,69001
B,39,69004,69010
B,0,69018,69032
B,3,69025,69039
B,38,69043,69057
B,75,69053,69063
B,3,69070,69076
B,0,69068,69082
B,72,69088,69098
B,36,69086,69100
B,0,69116,69122
B,80,69091,69124
B,2,69125,69131
B,81,69122,69132
B,74,69137,69147
B,73,69099,69160
B,37,69155,69161
B,82,69161,69175
B,80,69092,69187
B,3,69177,69191
B,80,69107,69219
B,1,69222,69228
B,18,69228,69236
B,72,69236,69246
B,80,69231,69251
B,74,69251,69261
B,73,69262,69287
B,3,69278,69292
B,39,69295,69301
B,79,69294,69304
B,82,69300,69314
B,73,69268,69319
B,36,69308,69322
B,73,69337,69351
B,82,69337,69351
B,36,69338,69354
B,74,69362,69380
B,1,69373,69383
B,80,69382,69392
B,39,69384,69398
B,74,69388,69412
B,0,69409,69419
B,9,69443,69457
B,75,69499,69509
B,74,69511,69521
B,81,69507,69539
B,36,69548,69560
B,73,69579,69589
B,1,69589,69603
B,51,69607,69617
B,39,69668,69674
B,73,69696,69706
B,80,69710,69720
B,3,69712,69726
B,74,69726,69736
B,72,69755,69761
B,3,69756,69762
B,73,69731,69770
B,36,69757,69791
B,3,69764,69794
B,74,69809,69819
B,72,69822,69832
B,82,69819,69833
B,81,69837,69847
B,22,69853,69861
B,39,69857,69867
B,36,69857,69869
B,73,69859,69869
B,75,69860,69870
B,52,69863,69875
B,79,69868,69878
B,1,69881,69897
B,3,69900,69906
B,80,69914,69924
B,2,69910,69926
B,74,69918,69928
B,81,69929,69939
B,79,70043,70053
B,0,70054,70060
B,81,70058,70068
B,22,70066,70074
B,82,70065,70079
B,3,70074,70088
B,38,70083,70093
B,79,70093,70103
B,82,70078,70111
B,37,70120,70134
B,72,70126,70137
B,82,70117,70143
B,72,70148,70169
B,73,70170,70180
B,74,70170,70180
B,80,70172,70182
B,36,70168,70184
B,16,70191,70205
B,2,70206,70220
B,37,70219,70233
B,50,70227,70235
B,73,70227,70237
B,37,70231,70265
B,3,70263,70269
B,80,70281,70291
B,38,70251,70294
B,79,70310,70325
B,38,70228,70326
B,37,70315,70329
B,73,70348,70359
B,82,70353,70367
B,39,70379,70393
B,3,70395,70401
B,0,70405,70415
B,74,70407,70417
B,72,70432,70442
B,58,70437,70447
B,3,70448,70454
B,36,70457,70471
B,80,70472,70482
B,3,70471,70486
B,81,70509,70519
B,79,70516,70526
B,74,70520,70530
B,79,70556,70566
B,82,70574,70588
B,73,70584,70594
B,75,70635,70645
B,80,70665,70675
B,74,70673,70683
B,3,70679,70689
B,0,70686,70700
B,3,70715,70729
B,17,70716,70732
B,72,70728,70738
B,2,70773,70783
B,36,70798,70812
B,4,70803,70817
B,3,70837,70847
B,75,70841,70851
B,74,70845,70855
B,23,70862,70872
B,82,70892,70900
B,36,70902,70912
B,72,70908,70918
B,3,70910,70922
B,82,70915,70932
B,73,70932,70942
B,72,70911,70950
B,73,70953,70974
B,2,70971,70977
B,75,70969,70979
B,38,71011,71017
B,2,71017,71027
B,1,71033,71043
B,4,71044,71058
B,38,71053,71067
B,36,71065,71079
B,38,71084,71099
B,73,71090,71100
B,80,71119,71129
B,2,71148,71154
B,75,71145,71155
B,75,71192,71202
B,0,71206,71220
B,36,71224,71236
B,74,71258,71268
B,36,71259,71279
B,82,71268,71282
B,37,71277,71291
B,39,71332,71338
B,2,71331,71345
B,72,71372,71382
B,80,71373,71383
B,15,71378,71390
B,2,71400,71406
B,81,71407,71417
B,37,71429,71439
B,3,71440,71446
B,79,71443,71453
B,39,71450,71464
B,80,71504,71514
B,37,71504,71518
B,74,71546,71556
B,74,71591,71601
B,39,71604,71618
B,0,71613,71619
B,75,71633,71643
B,2,71654,71660
B,80,71663,71673
B,39,71672,71682
B,75,71701,71711
B,36,71703,71715
B,80,71748,71758
B,74,71761,71771
B,79,71770,71780
B,80,71772,71790
B,73,71800,71810
B,79,71829,71840
B,73,71818,71842
B,73,71826,71874
B,3,71866,71876
B,2,71868,71882
B,0,71875,71889
B,37,71903,71913
B,2,71887,71914
B,46,71928,71938
B,72,71936,71946
B,2,71891,71946
B,81,71957,71965
B,82,71958,71972
B,37,71967,71977
B,72,71948,71978
B,8,71976,71992
B,2,71993,71999
B,72,72000,72010
B,17,72002,72018
B,73,72024,72034
B,2,72065,72079
B,82,72072,72086
B,81,72088,72098
B,39,72135,72149
B,2,72143,72157
B,39,72241,72251
B,39,72273,72283
B,75,72285,72295
B,82,72306,72320
B,79,72321,72331
B,1,72326,72336
B,3,72324,72338
B,38,72336,72342
B,75,72347,72357
B,73,72388,72398
B,79,72397,72407
B,3,72405,72417
B,39,72408,72418
B,37,72495,72505
B,73,72508,72518
B,80,72557,72567
B,38,72571,72581
B,80,72576,72599
B,72,72602,72612
B,0,72625,72635
B,73,72632,72642
B,58,72662,72672
B,73,72662,72674
B,1,72687,72701
B,80,72664,72702
B,80,72674,72734
B,0,72741,72755
B,81,72751,72763
B,3,72776,72786
B,80,72781,72791
B,38,72783,72793
B,22,72785,72793
B,36,72781,72795
B,1,72792,72798
B,2,72809,72823
B,80,72797,72823
B,81,72829,72839
B,2,72837,72855
B,1,72863,72873
B,2,72839,72887
B,3,72886,72896
B,38,72894,72910
B,0,72914,72920
B,81,72937,72947
B,0,72934,72952
B,1,72941,72955
B,39,72950,72956
B,74,72955,72965
B,3,72959,72969
B,2,72975,72989
B,59,72990,73002
B,73,73008,73018
B,79,73010,73020
B,75,73010,73020
B,39,73061,73067
B,73,73065,73075
B,9,73081,73095
B,38,73109,73119
B,81,73134,73144
B,74,73138,73148
B,80,73142,73152
B,18,73158,73166
B,82,73152,73166
B,80,73165,73184
B,3,73177,73191
B,36,73220,73234
B,73,73246,73256
B,82,73242,73256
B,72,73273,73283
B,73,73252,73288
B,53,73280,73294
B,72,73297,73315
B,81,73311,73321
B,80,73312,73322
B,14,73318,73328
B,0,73323,73329
B,38,73335,73349
B,82,73359,73373
B,80,73375,73385
B,75,73376,73386
B,36,73379,73389
B,72,73359,73399
B,80,73408,73418
B,74,73381,73420
B,72,73384,73431
B,81,73427,73437
B,79,73436,73446
B,1,73450,73460
B,39,73451,73461
B,3,73481,73487
B,50,73488,73496
B,8,73510,73526
B,81,73524,73534
B,18,73535,73543
B,36,73532,73544
B,37,73546,73574
B,36,73571,73581
B,2,73621,73635
B,37,73721,73731
B,75,73755,73765
B,38,73786,73800
B,74,73794,73802
B,39,73798,73808
B,73,73799,73809
B,75,73830,73840
B,0,73842,73848
B,44,73845,73859
B,82,73855,73869
B,16,73859,73873
B,0,73884,73898
B,79,73915,73925
B,72,73917,73927
B,3,73946,73956
B,75,73971,73981
B,73,74012,74022
B,38,74063,74073
B,3,74060,74074
B,72,74072,74082
B,8,74080,74096
B,75,74088,74098
B,3,74090,74106
B,72,74097,74114
B,0,74101,74115
B,79,74109,74126
B,2,74108,74130
B,75,74145,74155
B,73,74153,74163
B,23,74162,74172
B,81,74152,74185
B,0,74179,74189
B,38,74230,74236
B,75,74244,74252
B,80,74267,74277
B,36,74268,74282
B,73,74287,74297
B,79,74282,74311
B,0,74304,74314
B,75,74305,74315
B,2,74333,74342
B,74,74307,74343
B,1,74355,74376
B,73,74292,74377
B,82,74371,74385
B,0,74378,74388
B,1,74388,74408
B,1,74422,74440
B,80,74456,74466
B,2,74463,74469
B,58,74468,74478
B,3,74471,74481
B,74,74501,74511
B,36,74513,74523
B,80,74516,74541
B,39,74534,74544
B,73,74521,74545
B,1,74550,74556
B,36,74557,74567
B,79,74551,74575
B,74,74588,74598
B,0,74601,74607
B,46,74598,74608
B,58,74601,74611
B,79,74603,74613
B,38,74625,74635
B,75,74630,74640
B,37,74648,74654
B,79,74669,74679
B,3,74738,74744
B,82,74740,74748
B,75,74751,74761
B,80,74761,74771
B,72,74781,74791
B,82,74788,74802
B,80,74798,74808
B,73,74808,74818
B,14,74808,74818
B,80,74809,74840
B,75,74832,74842
B,73,74838,74850
B,72,74854,74864
B,36,74853,74873
B,73,74863,74882
B,79,74915,74925
B,7,74911,74929
B,79,74954,74964
B,80,74968,74978
B,82,74991,75005
B,37,74999,75009
B,39,75013,75027
B,75,75035,75045
B,4,75042,75056
B,39,75054,75060
B,1,75058,75064
B,1,75083,75096
B,14,75095,75105
B,72,75131,75141
B,79,75157,75167
B,36,75172,75182
B,73,75199,75209
B,74,75226,75236
B,79,75227,75237
B,2,75243,75257
B,72,75261,75271
B,1,75286,75292
B,82,75278,75292
B,23,75287,75297
B,81,75311,75321
B,80,75326,75336
B,3,75353,75359
B,9,75367,75381
B,3,75348,75391
B,74,75403,75413
B,72,75410,75420
B,79,75449,75459
B,3,75457,75467
B,38,75460,75470
B,82,75479,75493
B,3,75469,75499
B,81,75498,75508
B,80,75505,75515
B,10,75510,75522
B,1,75528,75534
B,73,75541,75551
B,1,75557,75573
B,39,75565,75579
B,80,75583,75593
B,53,75582,75596
B,38,75580,75605
B,36,75604,75618
B,80,75640,75650
B,3,75667,75673
B,72,75665,75675
B,75,75688,75698
B,1,75690,75700
B,38,75698,75704
B,72,75686,75707
B,1,75707,75732
B,81,75767,75777
B,37,75771,75785
B,1,75788,75804
B,37,75802,75817
B,82,75805,75819
B,74,75811,75821
B,39,75792,75834
B,38,75834,75840
B,75,75833,75841
B,72,75825,75845
B,1,75842,75848
B,73,75865,75875
B,81,75873,75883
B,74,75896,75906
B,1,75917,75923
B,73,75969,75979
B,2,75986,75996
B,79,75982,76009
B,82,75996,76010
B,81,76013,76023
B,75,76027,76037
B,81,76028,76055
B,39,76051,76061
B,75,76049,76069
B,22,76063,76071
B,36,76067,76077
B,74,76070,76080
B,37,76080,76086
B,37,76087,76118
B,72,76126,76136
B,3,76133,76145
B,74,76157,76165
B,79,76202,76212
B,73,76214,76224
B,39,76228,76234
B,0,76230,76240
B,53,76249,76263
B,2,76257,76268
B,59,76270,76282
B,36,76286,76298
B,16,76316,76330
B,57,76347,76355
B,39,76342,76356
B,74,76353,76363
B,73,76370,76380
B,81,76370,76380
B,2,76388,76398
B,38,76401,76407
B,79,76400,76410
B,45,76408,76420
B,80,76419,76440
B,1,76443,76449
B,36,76468,76478
B,81,76585,76595
B,1,76615,76621
B,81,76607,76627
B,75,76632,76642
B,79,76646,76656
B,39,76666,76672
B,79,76648,76688
B,74,76641,76688
B,38,76692,76702
B,36,76689,76703
B,74,76671,76720
B,36,76693,76735
B,44,76728,76742
B,74,76698,76752
B,80,76767,76777
B,37,76764,76778
B,74,76737,76784
B,73,76794,76804
B,14,76815,76825
B,72,76836,76846
B,75,76838,76848
B,3,76857,76871
B,75,76851,76880
B,74,76884,76894
B,39,76902,76912
B,0,76909,76923
B,75,76923,76933
B,39,76924,76944
B,0,76925,76955
B,80,76949,76959
B,37,76956,76962
B,73,76998,77008
B,74,77029,77037
B,36,77032,77042
B,0,77061,77067
B,28,77081,77087
B,40,77085,77095
B,1,77103,77109
B,28,77094,77119
B,10,77128,77140
B,99,77135,77141
B,1,77132,77146
B,28,77100,77151
B,0,77142,77180
B,62,77104,77180
B,28,77176,77186
B,38,77184,77190
B,28,77126,77218
B,60,77211,77221
B,36,77212,77232
B,65,77221,77247
B,28,77231,77250
B,36,77237,77264
B,64,77264,77270
B,3,77266,77276
B,28,77136,77282
B,0,77274,77288
B,62,77175,77311
B,28,77171,77314
B,28,77235,77346
B,0,77340,77350
B,64,77361,77367
B,62,77243,77373
B,0,77352,77382
B,64,77379,77399
B,54,77290,77410
B,55,77410,77420
B,64,77404,77431
B,82,77425,77433
B,39,77447,77461
B,64,77428,77463
B,64,77442,77495
B,62,77496,77500
B,43,77492,77508
B,39,77516,77522
B,64,77497,77527
B,28,77504,77534
B,64,77503,77559
B,37,77566,77572
B,3,77569,77575
B,64,77544,77591
B,28,77516,77592
B,8,77529,77603
B,37,77579,77604
B,64,77586,77623
B,28,77614,77624
B,64,77616,77655
B,28,77648,77658
B,9,77654,77668
B,54,77677,77687
B,64,77635,77687
B,28,77688,77698
B,76,77687,77701
B,8,77688,77704
B,64,77648,77719
B,60,77722,77732
B,2,77726,77736
B,64,77717,77751
B,29,77769,77777
B,97,77778,77782
B,1,77781,77791
B,36,77778,77792
B,2,77796,77802
B,28,77817,77823
B,28,77852,77862
B,53,77876,77898
B,36,77893,77905
B,64,77908,77914
B,28,77912,77918
B,28,77904,77950
B,38,77945,77961
B,64,77962,77972
B,28,77908,77982
B,97,77909,77984
B,76,77974,77991
B,64,77984,78004
B,62,78001,78005
B,28,77939,78022
B,3,78015,78025
B,64,77996,78036
B,18,78024,78041
B,28,77993,78054
B,39,78048,78062
B,3,78066,78080
B,40,78072,78082
B,64,78062,78084
B,28,78028,78086
B,28,78039,78118
B,64,78115,78121
B,47,78106,78124
B,64,78136,78153
B,28,78148,78154
B,1,78153,78159
B,64,78157,78185
B,63,78193,78199
B,64,78138,78217
B,77,78204,78241
B,64,78229,78249
B,28,78176,78250
B,2,78243,78253
B,37,78225,78275
B,64,78260,78281
B,28,78246,78282
B,23,78260,78288
B,3,78275,78301
B,39,78297,78311
B,1,78298,78312
B,64,78193,78313
B,28,78264,78314
B,13,78314,78333
B,64,78294,78345
B,28,78301,78346
B,46,78286,78351
B,37,78338,78371
B,64,78324,78377
B,28,78205,78378
B,3,78356,78397
B,64,78344,78409
B,28,78406,78412
B,29,78420,78428
B,37,78416,78430
B,1,78423,78437
B,64,78394,78441
B,28,78448,78454
B,38,78457,78463
B,64,78456,78473
B,36,78462,78482
B,0,78486,78492
B,29,78486,78494
B,38,78482,78495
B,64,78487,78505
B,3,78466,78506
B,38,78507,78527
B,64,78485,78537
B,6,78573,78589
B,62,78592,78596
B,28,78588,78598
B,64,78603,78609
B,43,78576,78621
B,28,78614,78630
B,64,78629,78641
B,16,78641,78655
B,64,78666,78673
B,5,78670,78682
B,28,78688,78694
B,75,78709,78717
B,64,78717,78721
B,28,78706,78726
B,55,78717,78727
B,37,78717,78731
B,64,78725,78753
B,28,78739,78758
B,59,78746,78764
B,64,78781,78785
B,28,78762,78790
B,2,78798,78812
B,28,78811,78822
B,64,78815,78825
B,0,78825,78835
B,56,78829,78837
B,28,78820,78854
B,97,78830,78856
B,64,78833,78857
B,0,78852,78867
B,91,78842,78873
B,28,78838,78886
B,64,78872,78889
B,38,78899,78909
B,2,78900,78910
B,3,78905,78915
B,64,78898,78921
B,28,78917,78923
B,0,78918,78924
B,62,78929,78953
B,64,78914,78953
B,64,78947,78985
B,4,78981,78995
B,64,78983,79017
B,64,79030,79049
B,28,79074,79084
B,1,79082,79088
B,0,79090,79096
B,55,79096,79106
B,63,79109,79115
B,28,79118,79128
B,3,79128,79138
B,75,79134,79142
B,64,79123,79145
B,28,79139,79160
B,56,79163,79171
B,3,79182,79188
B,0,79180,79190
B,28,79187,79197
B,64,79205,79211
B,28,79193,79229
B,62,79198,79258
B,64,79264,79270
B,22,79285,79293
B,64,79266,79302
B,1,79316,79326
B,64,79280,79334
B,57,79329,79337
B,65,79334,79338
B,28,79360,79366
B,64,79336,79366
B,62,79380,79384
B,15,79372,79384
B,39,79384,79390
B,28,79371,79398
B,36,79390,79400
B,38,79422,79428
B,28,79396,79430
B,75,79427,79435
B,2,79453,79463
B,28,79458,79468
B,28,79480,79500
B,29,79484,79520
B,64,79519,79525
B,3,79514,79526
B,38,79518,79532
B,39,79526,79536
B,28,79532,79542
B,45,79514,79556
B,39,79524,79568
B,28,79534,79574
B,64,79580,79586
B,91,79576,79588
B,7,79580,79598
B,28,79548,79606
B,64,79605,79618
B,36,79613,79627
B,28,79601,79638
B,64,79592,79650
B,80,79645,79651
B,38,79629,79655
B,37,79648,79658
B,28,79556,79670
B,28,79653,79702
B,0,79702,79716
B,1,79718,79724
B,28,79703,79734
B,62,79732,79739
B,64,79734,79740
B,38,79738,79748
B,96,79754,79766
B,28,79669,79766
B,64,79731,79772
B,37,79766,79780
B,47,79771,79783
B,28,79784,79798
B,64,79752,79804
B,21,79773,79805
B,28,79746,79830
B,62,79823,79835
B,64,79772,79836
B,64,79832,79868
B,36,79864,79876
B,29,79889,79897
B,64,79882,79900
B,28,79910,79927
B,64,79821,79932
B,36,79945,79955
B,76,79950,79964
B,64,79941,79964
B,62,79964,79968
B,37,79957,79985
B,64,79989,79996
B,28,79919,79997
B,64,79982,80028
B,8,80020,80036
B,28,80044,80050
B,64,79994,80060
B,37,80049,80067
B,9,80069,80083
B,64,79985,80092
B,29,80081,80109
B,49,80100,80114
B,3,80112,80118
B,64,80028,80124
B,97,80131,80135
B,36,80140,80150
B,64,79969,80156
B,38,80162,80176
B,28,80169,80179
B,64,80164,80188
B,37,80180,80194
B,40,80197,80207
B,64,80156,80220
B,28,80215,80225
B,36,80234,80246
B,64,80173,80252
B,79,80262,80272
B,64,80187,80284
B,23,80279,80289
B,13,80283,80295
B,36,80294,80306
B,64,80074,80316
B,54,80311,80321
B,64,80174,80348
B,64,80115,80380
B,2,80379,80385
B,64,80294,80412
B,63,80411,80417
B,28,80411,80421
B,73,80426,80432
B,64,80320,80444
B,28,80433,80453
B,36,80459,80469
B,64,80370,80476
B,37,80470,80484
B,64,80498,80508
B,23,80498,80508
B,28,80524,80534
B,21,80533,80539
B,64,80302,80540
B,0,80561,80571
B,97,80569,80573
B,28,80101,80573
B,37,80566,80576
B,64,80435,80602
B,47,80621,80633
B,64,80601,80634
B,28,80625,80635
B,38,80623,80637
B,29,80446,80640
B,64,80597,80666
B,28,80326,80667
B,38,80640,80669
B,72,80667,80673
B,37,80686,80692
B,64,80628,80698
B,97,80695,80699
B,28,80451,80699
B,64,80690,80730
B,22,80729,80737
B,0,80737,80751
B,64,80679,80762
B,2,80756,80766
B,28,80757,80767
B,38,80778,80792
B,64,80635,80794
B,28,80819,80825
B,64,80798,80826
B,39,80836,80846
B,3,80849,80855
B,28,80829,80857
B,64,80724,80858
B,37,80865,80879
B,28,80847,80889
B,64,80778,80890
B,0,80888,80898
B,36,80891,80903
B,19,80906,80918
B,28,80882,80921
B,64,80870,80922
B,73,80920,80926
B,39,80915,80929
B,74,80921,80933
B,64,80822,80954
B,23,80922,80957
B,41,80959,80973
B,14,80967,80977
B,64,80878,80986
B,59,80954,80991
B,0,80990,81004
B,28,81001,81011
B,64,80887,81018
B,28,81024,81043
B,64,80941,81050
B,3,81055,81069
B,28,81075,81081
B,64,80959,81082
B,64,80917,81114
B,38,81113,81123
B,28,81121,81127
B,2,81123,81129
B,64,81118,81146
B,46,81016,81152
B,28,80985,81159
B,64,80974,81178
B,36,81165,81179
B,38,81168,81182
B,28,81123,81191
B,2,81192,81198
B,64,81166,81210
B,28,81079,81223
B,64,81054,81242
B,37,81233,81247
B,21,81255,81261
B,28,81187,81275
B,36,81257,81281
B,10,81207,81282
B,28,81272,81307
B,39,81295,81309
B,37,81295,81311
B,23,81294,81329
B,36,81299,81335
B,64,81332,81338
B,39,81316,81341
B,28,81327,81357
B,1,81346,81360
B,64,81357,81370
B,10,81360,81372
B,51,81386,81396
B,3,81392,81398
B,23,81388,81398
B,64,81381,81402
B,12,81394,81408
B,28,81418,81426
B,0,81423,81433
B,64,81395,81434
B,39,81399,81440
B,37,81463,81469
B,2,81468,81474
B,29,81476,81484
B,36,81486,81500
B,39,81507,81517
B,98,81515,81523
B,62,81533,81537
B,28,81541,81547
B,64,81571,81577
B,28,81569,81579
B,80,81584,81590
B,39,81599,81605
B,64,81599,81609
B,38,81602,81612
B,64,81632,81641
B,3,81655,81665
B,29,81665,81673
B,28,81669,81679
B,38,81680,81694
B,64,81691,81697
B,39,81692,81702
B,3,81708,81720
B,28,81715,81721
B,64,81742,81748
B,28,81762,81772
B,64,81752,81780
B,0,81782,81788
B,12,81775,81789
B,28,81764,81804
B,38,81796,81806
B,64,81782,81812
B,0,81791,81820
B,3,81820,81826
B,37,81818,81828
B,36,81814,81835
B,28,81776,81836
B,64,81785,81844
B,36,81831,81867
B,64,81796,81876
B,24,81868,81880
B,39,81880,81886
B,0,81886,81904
B,64,81821,81908
B,39,81919,81933
B,11,81952,81962
B,36,81959,81973
B,28,81968,81974
B,64,81967,81977
B,2,81970,81984
B,7,81979,81997
B,36,81988,82005
B,64,81981,82009
B,78,82010,82030
B,28,82033,82039
B,64,82027,82041
B,38,82036,82046
B,1,82044,82054
B,28,82058,82071
B,50,82083,82091
B,63,82088,82094
B,64,82091,82097
B,28,82101,82107
B,37,82112,82118
B,0,82113,82123
B,64,82119,82129
B,2,82130,82136
B,29,82146,82154
B,0,82094,82155
B,85,82135,82168
B,28,82169,82184
B,0,82160,82187
B,36,82193,82205
B,64,82204,82210
B,28,82175,82216
B,29,82194,82218
B,3,82220,82226
B,43,82218,82230
B,1,82211,82233
B,28,82194,82248
B,36,82239,82249
B,63,82250,82254
B,3,82247,82261
B,43,82227,82262
B,1,82219,82265
B,36,82251,82281
B,63,82257,82286
B,43,82238,82294
B,93,82301,82307
B,37,82305,82315
B,63,82289,82318
B,43,82248,82326
B,1,82323,82329
B,36,82321,82335
B,81,82337,82345
B,43,82322,82358
B,1,82331,82361
B,36,82324,82367
B,2,82335,82371
B,39,82366,82372
B,43,82257,82390
B,3,82397,82403
B,63,82392,82408
B,43,82265,82422
B,38,82315,82422
B,72,82430,82438
B,63,82418,82440
B,43,82252,82454
B,38,82411,82454
B,63,82461,82472
B,43,82374,82486
B,0,82476,82490
B,1,82490,82496
B,63,82409,82504
B,43,82331,82518
B,2,82500,82526
B,87,82527,82535
B,63,82488,82536
B,43,82392,82550
B,63,82449,82568
B,8,82553,82569
B,88,82541,82569
B,43,82475,82582
B,39,82581,82591
B,63,82572,82600
B,43,82403,82614
B,63,82469,82632
B,39,82634,82640
B,43,82427,82646
B,37,82569,82648
B,63,82589,82664
B,88,82655,82665
B,43,82460,82678
B,38,82597,82678
B,63,82513,82696
B,43,82537,82710
B,37,82551,82712
B,38,82709,82723
B,63,82420,82728
B,36,82728,82738
B,43,82484,82742
B,38,82621,82755
B,63,82518,82760
B,43,82400,82774
B,93,82768,82774
B,38,82772,82787
B,63,82591,82792
B,43,82685,82806
B,95,82774,82810
B,63,82646,82824
B,43,82682,82838
B,63,82758,82856
B,43,82643,82870
B,94,82874,82882
B,63,82766,82888
B,43,82804,82902
B,63,82797,82920
B,43,82677,82934
B,63,82805,82952
B,43,82919,82966
B,75,82956,82966
B,93,82966,82972
B,63,82562,82984
B,79,82981,82992
B,43,82531,82998
B,37,82976,82999
B,63,82791,83016
B,36,83016,83028
B,43,82766,83030
B,63,82850,83048
B,43,82699,83062
B,50,83064,83072
B,63,82612,83080
B,43,82428,83094
B,63,82902,83112
B,81,83108,83116
B,43,83080,83126
B,63,82622,83144
B,43,82862,83158
B,38,83157,83171
B,63,82880,83176
B,43,83145,83190
B,63,82577,83208
B,95,83198,83208
B,73,83208,83214
B,43,83191,83222
B,63,83117,83240
B,1,83233,83243
B,43,83214,83254
B,39,83245,83255
B,63,83045,83272
B,43,83201,83286
B,63,82682,83304
B,43,83205,83318
B,63,83054,83336
B,43,83326,83350
B,0,83361,83367
B,63,83319,83368
B,1,83364,83374
B,37,83371,83381
B,43,83314,83382
B,63,82881,83400
B,43,83373,83414
B,63,82869,83432
B,43,83425,83446
B,63,82904,83464
B,36,83464,83474
B,43,83413,83478
B,63,83126,83496
B,43,83443,83510
B,0,83507,83521
B,63,82916,83528
B,43,83440,83542
B,63,83328,83560
B,43,83437,83574
B,22,83582,83590
B,63,82893,83592
B,38,83590,83596
B,43,83576,83606
B,39,83600,83614
B,37,83599,83618
B,63,83462,83624
B,36,83624,83638
B,43,83528,83638
B,1,83628,83642
B,63,83531,83656
B,43,83499,83670
B,63,83669,83688
B,2,83693,83699
B,43,83511,83702
B,63,83457,83720
B,43,83517,83734
B,63,83685,83752
B,43,83631,83766
B,36,83770,83780
B,63,83567,83784
B,43,83773,83798
B,63,83682,83816
B,43,83789,83830
B,63,83748,83848
B,43,83841,83862
B,3,83869,83875
B,63,83624,83880
B,2,83871,83881
B,14,83871,83881
B,90,83872,83893
B,43,83847,83894
B,63,83769,83912
B,43,83887,83926
B,63,83696,83944
B,72,83944,83950
B,63,83819,83976
B,44,83977,83991
B,63,82892,84008
B,39,84007,84013
B,43,84006,84018
B,63,83769,84040
B,39,84022,84045
B,43,83669,84050
B,63,83980,84072
B,43,83711,84082
B,2,84090,84104
B,63,82680,84104
B,43,83983,84114
B,0,84123,84133
B,63,83999,84136
B,36,84129,84139
B,43,84099,84146
B,63,83232,84168
B,43,84102,84178
B,0,84170,84184
B,63,83837,84200
B,8,84186,84202
B,3,84201,84211
B,2,84193,84212
B,1,84193,84214
B,43,84219,84231
B,63,83322,84232
B,63,83645,84264
B,37,84254,84268
B,18,84263,84271
B,43,84277,84281
B,63,84224,84296
B,36,84264,84302
B,43,84286,84313
B,63,84203,84328
B,0,84316,84330
B,36,84314,84334
B,43,84306,84345
B,63,83894,84360
B,37,84349,84364
B,43,84329,84377
B,63,83609,84392
B,43,84365,84409
B,63,83935,84424
B,38,84412,84426
B,2,84424,84430
B,74,84422,84430
B,43,84378,84441
B,63,84208,84456
B,43,84415,84473
B,87,84471,84479
B,63,84351,84488
B,43,84367,84505
B,63,84483,84520
B,43,84511,84537
B,36,84462,84541
B,3,84537,84543
B,63,83989,84552
B,43,84430,84569
B,63,84037,84584
B,43,84426,84601
B,63,84607,84616
B,23,84617,84627
B,43,84417,84633
B,0,84624,84634
B,73,84631,84637
B,37,84635,84641
B,63,84101,84648
B,89,84648,84660
B,43,84486,84665
B,74,84663,84671
B,63,84632,84680
B,43,84598,84697
B,38,84570,84697
B,15,84688,84700
B,75,84674,84705
B,86,84698,84708
B,63,84452,84712
B,36,84703,84715
B,43,84488,84729
B,63,84597,84744
B,43,84691,84761
B,63,84698,84776
B,43,84216,84793
B,63,84354,84808
B,43,84448,84825
B,53,84611,84831
B,63,84268,84840
B,39,84831,84846
B,2,84848,84854
B,43,84453,84857
B,52,84836,84861
B,63,84435,84872
B,16,84839,84882
B,2,84848,84886
B,43,84876,84889
B,63,84842,84904
B,38,84872,84914
B,43,84542,84921
B,63,84571,84936
B,38,84900,84946
B,43,84788,84953
B,63,84850,84968
B,53,84954,84968
B,37,84943,84980
B,0,84968,84982
B,43,84825,84985
B,63,84969,85000
B,43,85011,85023
B,2,85014,85028
B,63,84618,85032
B,3,85038,85052
B,43,85003,85055
B,63,84996,85064
B,3,85068,85084
B,0,85072,85086
B,43,85058,85087
B,63,83952,85096
B,39,85087,85101
B,1,85103,85109
B,43,85073,85119
B,0,85106,85120
B,63,85059,85128
B,1,85119,85141
B,43,85084,85151
B,0,85142,85156
B,63,84745,85160
B,3,85167,85177
B,43,85168,85183
B,63,84905,85192
B,43,85170,85215
B,63,85029,85224
B,39,85224,85230
B,63,84751,85256
B,43,85238,85258
B,39,85244,85262
B,63,85232,85288
B,36,85277,85289
B,43,85265,85290
B,2,85289,85303
B,39,85253,85315
B,63,84217,85320
B,36,85310,85321
B,43,85295,85322
B,37,85323,85341
B,3,85342,85348
B,1,85343,85349
B,63,85312,85352
B,36,85327,85353
B,43,85317,85354
B,39,85362,85372
B,37,85342,85373
B,2,85368,85374
B,63,84833,85384
B,43,85332,85386
B,50,85408,85416
B,63,85271,85416
B,43,85278,85418
B,36,85405,85419
B,7,85401,85419
B,37,85431,85441
B,63,85092,85448
B,16,85430,85454
B,1,85461,85467
B,74,85461,85469
B,3,85465,85475
B,38,85464,85480
B,63,84959,85480
B,43,85476,85484
B,3,85475,85507
B,63,85491,85512
B,39,85500,85514
B,37,85479,85518
B,0,85528,85538
B,63,85086,85544
B,80,85539,85545
B,0,85542,85570
B,63,85540,85576
B,36,85579,85589
B,43,85582,85590
B,1,85575,85591
B,63,85152,85608
B,3,85610,85616
B,36,85612,85622
B,10,85610,85622
B,94,85616,85624
B,43,85614,85626
B,63,85250,85640
B,36,85594,85654
B,63,85337,85672
B,2,85679,85685
B,36,85655,85686
B,3,85683,85697
B,63,85240,85704
B,43,85711,85723
B,63,85648,85736
B,43,85724,85755
B,63,85570,85768
B,43,85743,85787
B,63,85746,85800
B,43,85758,85819
B,63,84951,85832
B,43,85820,85851
B,63,85341,85864
B,0,85864,85870
B,43,85843,85883
B,36,85878,85890
B,63,85363,85896
B,39,85890,85900
B,45,85889,85901
B,43,85785,85915
B,63,85667,85928
B,0,85936,85942
B,43,85852,85947
B,22,85942,85950
B,4,85940,85954
B,63,85772,85960
B,43,85799,85979
B,38,85975,85981
B,21,85977,85983
B,10,85959,85984
B,63,85564,85992
B,2,86000,86006
B,43,85803,86011
B,21,85985,86015
B,38,86007,86021
B,63,85800,86024
B,43,86019,86043
B,21,85986,86047
B,63,85923,86056
B,1,86046,86060
B,53,85940,86060
B,43,86023,86075
B,63,86049,86088
B,52,85926,86090
B,3,86097,86103
B,43,85880,86107
B,39,86099,86113
B,63,85868,86120
B,2,86117,86127
B,43,86099,86139
B,63,86118,86152
B,38,86147,86153
B,43,86129,86171
B,63,85907,86184
B,1,86177,86187
B,43,85908,86203
B,3,86205,86211
B,63,86160,86216
B,1,86177,86219
B,39,86220,86230
B,43,86166,86235
B,63,85999,86248
B,1,86224,86251
B,75,86250,86260
B,43,86197,86267
B,51,86123,86280
B,63,86111,86280
B,43,86175,86299
B,63,86120,86312
B,43,86187,86331
B,37,86330,86336
B,2,86331,86341
B,63,86105,86344
B,43,86337,86363
B,39,86360,86366
B,63,86227,86376
B,73,86377,86383
B,45,86374,86386
B,43,86252,86395
B,39,86090,86398
B,63,86017,86408
B,43,86289,86427
B,37,86330,86428
B,93,86428,86434
B,63,86223,86440
B,43,86433,86459
B,72,86462,86468
B,63,86098,86472
B,43,86456,86491
B,3,86479,86493
B,63,86346,86504
B,43,86504,86523
B,3,86498,86525
B,63,86315,86536
B,1,86550,86564
B,63,86390,86568
B,63,86458,86600
B,43,86587,86603
B,63,86168,86632
B,43,86591,86635
B,38,86598,86635
B,74,86646,86654
B,72,86649,86655
B,36,86644,86658
B,1,86658,86664
B,63,86244,86664
B,43,86599,86667
B,37,86642,86669
B,36,86658,86690
B,63,86456,86696
B,43,86594,86699
B,37,86661,86701
B,21,86709,86715
B,63,86629,86728
B,43,86669,86731
B,3,86728,86734
B,0,86726,86740
B,63,86586,86760
B,43,86710,86763
B,63,86505,86792
B,43,86720,86795
B,63,86776,86824
B,43,86764,86827
B,1,86836,86846
B,63,86545,86856
B,43,86779,86859
B,38,86844,86860
B,15,86872,86884
B,63,86551,86888
B,43,86706,86891
B,36,86677,86898
B,2,86903,86913
B,63,86228,86920
B,1,86938,86948
B,63,86668,86952
B,43,86954,86966
B,1,86968,86980
B,63,86903,86984
B,44,86983,86997
B,87,86989,86997
B,57,86991,86999
B,63,86768,87016
B,2,87037,87047
B,63,86917,87048
B,39,87040,87050
B,36,87048,87058
B,63,85990,87080
B,94,87079,87087
B,38,87083,87093
B,39,87091,87097
B,51,86228,87109
B,2,87100,87110
B,43,87104,87112
B,63,86615,87112
B,22,87134,87142
B,43,87117,87144
B,63,86250,87144
B,43,87152,87176
B,63,86169,87176
B,63,87057,87208
B,36,87204,87216
B,1,87224,87230
B,43,87221,87233
B,63,87221,87240
B,38,87211,87244
B,36,87216,87248
B,87,87247,87255
B,1,87224,87262
B,43,87228,87265
B,79,87264,87268
B,63,87148,87272
B,94,87254,87287
B,43,87265,87297
B,63,87236,87304
B,43,87317,87329
B,63,86787,87336
B,43,87303,87361
B,93,87357,87363
B,63,87320,87368
B,57,87389,87397
B,63,87283,87400
B,63,87096,87432
B,38,87441,87447
B,63,87338,87464
B,3,87457,87467
B,37,87475,87481
B,43,87469,87481
B,63,86770,87496
B,3,87489,87499
B,43,87475,87513
B,86,87513,87523
B,63,87406,87528
B,43,87532,87545
B,63,86799,87560
B,43,87549,87577
B,57,87569,87577
B,37,87575,87589
B,81,87584,87592
B,63,87495,87592
B,43,87577,87609
B,63,87377,87624
B,93,87625,87631
B,43,87629,87641
B,63,87235,87656
B,43,87577,87673
B,3,87665,87675
B,63,87526,87688
B,1,87684,87690
B,43,87653,87705
B,63,87118,87720
B,43,87647,87737
B,63,87527,87752
B,43,87759,87769
B,63,86889,87784
B,43,87683,87801
B,63,87294,87816
B,43,87775,87833
B,2,87828,87838
B,63,87651,87848
B,43,87851,87865
B,2,87840,87870
B,63,87460,87880
B,82,87889,87897
B,63,87555,87912
B,43,87480,87922
B,63,87175,87944
B,2,87936,87946
B,1,87941,87951
B,43,87950,87954
B,63,87415,87976
B,43,87964,87986
B,38,87991,87997
B,53,87990,88004
B,63,87612,88008
B,43,87535,88018
B,63,86928,88040
B,43,87990,88050
B,23,88047,88057
B,36,88046,88058
B,0,88056,88062
B,63,87677,88072
B,43,88067,88082
B,87,88085,88093
B,63,87899,88104
B,17,88092,88108
B,2,88095,88109
B,43,88022,88114
B,75,88111,88121
B,1,88106,88122
B,90,88094,88129
B,46,88123,88133
B,63,87768,88136
B,43,87675,88146
B,3,88138,88148
B,16,88139,88153
B,63,87977,88168
B,75,88167,88177
B,43,88130,88178
B,63,88030,88200
B,43,88022,88210
B,79,88207,88211
B,63,87282,88232
B,43,88164,88242
B,73,88217,88245
B,63,88218,88264
B,39,88253,88267
B,43,88057,88274
B,38,88289,88295
B,63,87814,88296
B,43,88156,88306
B,63,87573,88328
B,43,88135,88338
B,63,87876,88360
B,43,88266,88370
B,86,88363,88373
B,63,88073,88392
B,38,88385,88399
B,43,88382,88402
B,37,88393,88403
B,36,88394,88406
B,63,88183,88424
B,43,88408,88434
B,39,88437,88451
B,63,88157,88456
B,43,88431,88466
B,63,88272,88488
B,43,88417,88498
B,75,88503,88513
B,63,87933,88520
B,89,88510,88522
B,43,88512,88530
B,37,88536,88542
B,63,88225,88552
B,43,88516,88562
B,0,88549,88563
B,39,88564,88574
B,63,87971,88584
B,43,88505,88594
B,87,88597,88605
B,63,88413,88616
B,43,88610,88626
B,89,88618,88641
B,63,88413,88648
B,43,88516,88658
B,74,88652,88660
B,63,88108,88680
B,43,88610,88690
B,0,88695,88701
B,38,88693,88707
B,36,88700,88710
B,63,88444,88712
B,95,88710,88720
B,43,88508,88722
B,0,88722,88733
B,63,88358,88744
B,59,88738,88750
B,43,88551,88754
B,89,88723,88754
B,63,88234,88776
B,43,88776,88786
B,74,88780,88788
B,63,87997,88808
B,43,88741,88818
B,44,88808,88822
B,75,88815,88823
B,14,88815,88825
B,63,88711,88840
B,0,88835,88849
B,43,88738,88850
B,89,88855,88867
B,63,88575,88872
B,39,88875,88881
B,43,88795,88882
B,3,88878,88884
B,63,88533,88904
B,52,88899,88911
B,43,88895,88914
B,63,88376,88936
B,82,88943,88951
B,43,88940,88952
B,63,88775,88968
B,43,88965,88984
B,63,88891,89000
B,38,88996,89002
B,39,88994,89008
B,43,88976,89016
B,63,87918,89032
B,43,89032,89048
B,80,89046,89052
B,63,89011,89064
B,43,88977,89080
B,63,88797,89096
B,43,88989,89112
B,21,89120,89126
B,39,89114,89128
B,63,88970,89128
B,38,89135,89141
B,82,89132,89142
B,43,88996,89144
B,63,88950,89160
B,39,89152,89162
B,38,89144,89173
B,36,89177,89187
B,63,88302,89192
B,63,89006,89224
B,94,89218,89226
B,79,89225,89229
B,43,89234,89246
B,0,89238,89252
B,93,89241,89256
B,63,88734,89256
B,3,89258,89268
B,43,89272,89284
B,63,89276,89288
B,43,89308,89316
B,63,89080,89320
B,43,89317,89348
B,63,88723,89352
B,2,89342,89353
B,36,89333,89361
B,43,89303,89380
B,75,89372,89380
B,63,89133,89384
B,39,89378,89388
B,36,89340,89393
B,37,89395,89409
B,43,89322,89412
B,63,87783,89416
B,43,89327,89444
B,63,89162,89448
B,81,89446,89454
B,36,89448,89458
B,79,89466,89470
B,63,89136,89480
B,43,89472,89488
B,63,88939,89512
B,39,89513,89527
B,8,89513,89529
B,63,89209,89544
B,43,89553,89561
B,63,89525,89576
B,43,89563,89593
B,63,89350,89608
B,37,89614,89624
B,43,89615,89625
B,23,89618,89628
B,87,89625,89633
B,63,87915,89640
B,1,89629,89643
B,43,89562,89657
B,63,89284,89672
B,82,89665,89673
B,43,89623,89689
B,63,89374,89704
B,43,89701,89721
B,63,89584,89736
B,43,89723,89753
B,63,89637,89768
B,1,89774,89780
B,43,89651,89785
B,63,89682,89800
B,43,89725,89817
B,39,89809,89823
B,2,89822,89832
B,63,89772,89832
B,43,89776,89849
B,3,89850,89862
B,63,89248,89864
B,43,89812,89881
B,63,89847,89896
B,43,89788,89913
B,63,89739,89928
B,37,89924,89930
B,43,89935,89945
B,63,89827,89960
B,43,89951,89977
B,72,89972,89980
B,63,89845,89992
B,43,89947,90009
B,73,89998,90010
B,39,90001,90011
B,21,90010,90016
B,93,90011,90017
B,63,89402,90024
B,7,90012,90030
B,38,90025,90039
B,63,90024,90056
B,43,90048,90058
B,37,90057,90071
B,52,90060,90072
B,80,90070,90076
B,63,89909,90088
B,43,90066,90090
B,90,90096,90108
B,63,90054,90120
B,43,90067,90122
B,3,90138,90152
B,63,90115,90152
B,43,90115,90154
B,37,90146,90164
B,63,90011,90184
B,43,90098,90186
B,63,90029,90216
B,43,90194,90218
B,88,90225,90235
B,63,90117,90248
B,43,90243,90250
B,63,90267,90280
B,43,90289,90301
B,63,90300,90312
B,22,90323,90331
B,43,90311,90333
B,63,90278,90344
B,39,90328,90359
B,4,90324,90359
B,43,90305,90365
B,16,90354,90368
B,0,90362,90372
B,54,90362,90372
B,63,90314,90376
B,43,90296,90397
B,2,90372,90400
B,0,90369,90404
B,39,90391,90405
B,63,90327,90408
B,45,90410,90422
B,36,90378,90429
B,43,90327,90429
B,37,90423,90437
B,63,90323,90440
B,72,90437,90445
B,43,90375,90461
B,63,90450,90472
B,37,90482,90488
B,38,90482,90492
B,43,90367,90493
B,63,90342,90504
B,2,90499,90505
B,43,90460,90525
B,36,90524,90534
B,63,90409,90536
B,22,90543,90551
B,43,90487,90557
B,36,90529,90566
B,15,90571,90583
B,43,90425,90589
B,2,90576,90590
B,63,90593,90601
B,7,90585,90603
B,0,90599,90617
B,53,90599,90617
B,43,90462,90621
B,63,90616,90633
B,7,90596,90635
B,59,90639,90651
B,43,90607,90653
B,38,90656,90662
B,74,90667,90675
B,43,90667,90685
B,63,90678,90690
B,43,90502,90717
B,3,90717,90723
B,63,90726,90734
B,36,90735,90749
B,43,90675,90749
B,1,90751,90761
B,63,90768,90772
B,43,90703,90781
B,39,90765,90788
B,1,90760,90793
B,21,90787,90793
B,37,90785,90795
B,45,90790,90802
B,43,90764,90813
B,3,90826,90832
B,0,90828,90842
B,43,90766,90845
B,63,90844,90848
B,75,90866,90874
B,43,90585,90877
B,63,90859,90880
B,38,90887,90897
B,43,90667,90909
B,37,90904,90910
B,63,90898,90914
B,43,90488,90941
B,63,90920,90946
B,21,90943,90949
B,36,90651,90973
B,43,90538,90973
B,57,90982,90990
B,63,90983,90991
B,36,90725,91005
B,43,90969,91005
B,63,90990,91023
B,36,90925,91037
B,43,90976,91037
B,57,91058,91066
B,43,90801,91069
B,63,91065,91081
B,43,90989,91101
B,0,91100,91106
B,39,91103,91113
B,63,91099,91113
B,2,91123,91129
B,43,91105,91133
B,39,91107,91145
B,63,91079,91145
B,90,91141,91153
B,43,91069,91165
B,1,91154,91168
B,63,91135,91177
B,43,91159,91197
B,37,91197,91207
B,63,91068,91209
B,23,91211,91221
B,2,91216,91226
B,43,91079,91229
B,63,91134,91241
B,3,91245,91259
B,43,91244,91261
B,38,91257,91267
B,63,91145,91273
B,43,90858,91293
B,37,91298,91304
B,63,91087,91305
B,0,91298,91308
B,2,91300,91314
B,43,91160,91325
B,63,91171,91337
B,38,91328,91342
B,43,91342,91357
B,63,91198,91369
B,43,91255,91389
B,37,91390,91400
B,63,91360,91401
B,43,91307,91421
B,94,91414,91422
B,2,91413,91427
B,63,91242,91433
B,43,91347,91453
B,63,91334,91465
B,43,91409,91485
B,63,91296,91497
B,43,91357,91517
B,63,91478,91529
B,2,91516,91530
B,0,91529,91543
B,43,91460,91549
B,63,91446,91561
B,81,91566,91574
B,43,91488,91581
B,63,91570,91593
B,43,91500,91613
B,0,91615,91621
B,63,91398,91625
B,43,91548,91645
B,63,91615,91657
B,43,91640,91677
B,63,91658,91689
B,43,91689,91709
B,0,91708,91714
B,63,91676,91721
B,43,91676,91741
B,44,91739,91753
B,63,91720,91753
B,43,91739,91773
B,1,91766,91776
B,63,91713,91785
B,43,91730,91805
B,39,91801,91807
B,63,91638,91817
B,1,91807,91823
B,43,91703,91837
B,39,91827,91839
B,89,91856,91868
B,43,91806,91869
B,39,91830,91871
B,36,91866,91878
B,37,91894,91900
B,43,91841,91901
B,1,91879,91906
B,43,91830,91933
B,63,91929,91941
B,43,91928,91965
B,74,91965,91973
B,37,91960,91978
B,38,91974,91984
B,43,91905,91997
B,0,92026,92040
B,81,92046,92054
B,43,92051,92063
B,43,92057,92095
B,88,92094,92104
B,43,92100,92127
B,44,92118,92132
B,16,92129,92143
B,39,92134,92148
B,8,92119,92166
B,16,92143,92175
B,43,92178,92198
B,63,92241,92249
B,43,92253,92261
B,39,92279,92293
B,63,92293,92301
B,43,92294,92310
B,63,92301,92333
B,3,92324,92338
B,43,92315,92342
B,63,92306,92365
B,43,92310,92374
B,1,92373,92387
B,2,92380,92394
B,43,92375,92406
B,63,92399,92411
B,43,92414,92438
B,63,92447,92455
B,43,92403,92470
B,82,92462,92470
B,63,92466,92487
B,0,92479,92489
B,43,92423,92502
B,63,92485,92519
B,0,92514,92528
B,43,92460,92534
B,63,92505,92551
B,79,92561,92565
B,43,92545,92566
B,36,92562,92576
B,63,92465,92583
B,44,92594,92608
B,63,92470,92615
B,2,92609,92623
B,43,92626,92634
B,63,92523,92647
B,43,92630,92666
B,63,92464,92679
B,43,92637,92698
B,63,92528,92711
B,50,92709,92717
B,43,92634,92730
B,39,92731,92741
B,63,92732,92743
B,0,92738,92744
B,43,92673,92762
B,63,92743,92775
B,43,92689,92794
B,63,92788,92807
B,43,92803,92826
B,63,92713,92839
B,80,92845,92851
B,43,92834,92858
B,63,92852,92871
B,43,92875,92890
B,63,92866,92903
B,43,92897,92922
B,63,92878,92935
B,43,92910,92954
B,63,92879,92967
B,43,92938,92986
B,86,92983,92993
B,39,92987,92993
B,63,92907,92999
B,43,92907,93018
B,63,93025,93041
B,43,92979,93050
B,36,93041,93055
B,63,93043,93073
B,57,93068,93076
B,43,92932,93082
B,81,93091,93099
B,36,93090,93104
B,43,93073,93114
B,3,93105,93115
B,63,93115,93123
B,43,92998,93146
B,63,93130,93155
B,3,93155,93169
B,57,93162,93170
B,43,93007,93178
B,52,93168,93180
B,63,93180,93188
B,73,93188,93194
B,0,93179,93195
B,57,93186,93202
B,43,92976,93210
B,1,93207,93213
B,63,93201,93220
B,43,93230,93242
B,39,93206,93247
B,90,93248,93260
B,63,93261,93265
B,43,93226,93274
B,63,93249,93297
B,43,93292,93306
B,39,93323,93329
B,63,93273,93329
B,43,93266,93338
B,86,93336,93346
B,1,93353,93367
B,43,93368,93372
B,63,93380,93384
B,21,93390,93396
B,38,93391,93397
B,72,93404,93412
B,63,93388,93416
B,63,93421,93448
B,43,93440,93452
B,2,93471,93477
B,63,93452,93480
B,43,93464,93484
B,90,93473,93485
B,3,93485,93495
B,63,93482,93512
B,43,93449,93516
B,63,93455,93544
B,43,93474,93548
B,63,93468,93576
B,36,93520,93580
B,43,93524,93580
B,39,93571,93585
B,63,93487,93608
B,43,93476,93612
B,15,93601,93613
B,63,93467,93640
B,43,93541,93644
B,8,93633,93649
B,2,93660,93670
B,63,93536,93672
B,43,93652,93676
B,89,93691,93703
B,63,93602,93704
B,43,93701,93713
B,63,93525,93736
B,38,93706,93742
B,43,93702,93745
B,63,93674,93768
B,3,93759,93769
B,38,93714,93774
B,43,93740,93777
B,1,93774,93784
B,63,93704,93800
B,7,93784,93802
B,0,93799,93809
B,43,93750,93809
B,38,93799,93809
B,2,93792,93814
B,39,93810,93824
B,63,93733,93832
B,3,93824,93838
B,43,93828,93841
B,38,93845,93861
B,63,93815,93864
B,1,93787,93866
B,2,93806,93868
B,3,93857,93871
B,63,93600,93896
B,37,93891,93897
B,63,93618,93928
B,4,93944,93958
B,63,93792,93960
B,63,93771,93992
B,87,93991,93999
B,43,94012,94020
B,63,93989,94024
B,63,93825,94056
B,72,94069,94077
B,63,93997,94088
B,43,94088,94096
B,38,94095,94101
B,0,94092,94102
B,3,94108,94118
B,63,93932,94120
B,36,94130,94140
B,63,93781,94152
B,43,94167,94171
B,63,94123,94184
B,43,94165,94203
B,63,94025,94216
B,43,94182,94235
B,73,94230,94236
B,63,94158,94248
B,43,94231,94267
B,46,94263,94273
B,63,94006,94280
B,37,94271,94281
B,52,94274,94286
B,18,94291,94299
B,43,94277,94299
B,3,94294,94306
B,63,94245,94312
B,1,94304,94314
B,36,94313,94325
B,43,94289,94331
B,79,94329,94333
B,3,94331,94338
B,63,94108,94344
B,37,94320,94355
B,43,94346,94363
B,63,94324,94376
B,43,94317,94395
B,81,94396,94404
B,53,94391,94405
B,63,94284,94408
B,2,94401,94415
B,0,94413,94419
B,43,94406,94427
B,1,94423,94433
B,63,94382,94440
B,43,94385,94459
B,1,94436,94465
B,63,94405,94472
B,37,94474,94480
B,43,94423,94491
B,39,94487,94497
B,63,93814,94504
B,43,94447,94523
B,82,94514,94524
B,39,94506,94529
B,63,94425,94536
B,63,94118,94568
B,36,94574,94588
B,63,94542,94600
B,44,94604,94618
B,43,94588,94620
B,63,94393,94632
B,52,94632,94644
B,43,94618,94652
B,63,94424,94664
B,38,94657,94671
B,43,94649,94684
B,0,94667,94685
B,63,94563,94696
B,1,94692,94706
B,75,94698,94706
B,43,94682,94716
B,63,93826,94728
B,43,94690,94748
B,37,94688,94749
B,63,94459,94760
B,39,94753,94763
B,43,94725,94780
B,63,94217,94792
B,8,94778,94794
B,43,94773,94812
B,63,93913,94824
B,43,94802,94844
B,63,94416,94856
B,43,94748,94876
B,63,94233,94888
B,43,94804,94908
B,63,94577,94920
B,43,94826,94940
B,38,94930,94944
B,63,94471,94952
B,43,94877,94972
B,63,94581,94984
B,43,94950,95004
B,63,94444,95016
B,3,95019,95025
B,43,95020,95036
B,38,95013,95040
B,63,94993,95048
B,0,95054,95068
B,43,94982,95068
B,63,94512,95080
B,38,95087,95097
B,43,95079,95100
B,63,94460,95112
B,3,95109,95121
B,43,95089,95132
B,73,95138,95144
B,63,94862,95144
B,1,95134,95148
B,43,95147,95164
B,63,94923,95176
B,43,95154,95196
B,63,94936,95208
B,2,95217,95227
B,43,95145,95228
B,72,95222,95230
B,63,94797,95240
B,3,95246,95258
B,2,95224,95259
B,43,95151,95260
B,63,95080,95272
B,17,95263,95279
B,0,95277,95291
B,2,95267,95291
B,39,95281,95291
B,43,95199,95292
B,63,94479,95304
B,0,95294,95323
B,43,95269,95324
B,44,95315,95329
B,63,95325,95336
B,43,95278,95356
B,63,94947,95368
B,43,95264,95388
B,94,95389,95397
B,63,94978,95400
B,3,95393,95405
B,43,95300,95420
B,38,95421,95427
B,63,95014,95432
B,80,95432,95438
B,43,95401,95452
B,75,95450,95458
B,36,95448,95462
B,63,95016,95464
B,43,95324,95484
B,38,95477,95487
B,63,95224,95496
B,43,95334,95516
B,63,95063,95528
B,38,95527,95533
B,43,95357,95548
B,63,95185,95560
B,39,95557,95563
B,43,95326,95580
B,38,95574,95580
B,63,95349,95592
B,3,95597,95611
B,43,95559,95612
B,38,95592,95612
B,2,95610,95620
B,23,95611,95621
B,63,95040,95624
B,43,95309,95644
B,63,95456,95656
B,43,95372,95676
B,63,95543,95688
B,43,95565,95708
B,63,95334,95720
B,81,95730,95738
B,43,95630,95740
B,38,95736,95742
B,57,95742,95750
B,63,94497,95752
B,43,95564,95772
B,38,95752,95774
B,18,95775,95783
B,63,95090,95784
B,3,95783,95789
B,43,95433,95804
B,39,95806,95812
B,63,95356,95816
B,43,95704,95836
B,1,95834,95840
B,63,95172,95848
B,38,95855,95865
B,43,95652,95868
B,63,95625,95880
B,43,95736,95900
B,3,95897,95903
B,2,95894,95904
B,1,95891,95905
B,63,95785,95912
B,38,95915,95931
B,43,95726,95932
B,63,95417,95944
B,43,95888,95964
B,36,95925,95967
B,63,94553,95976
B,43,95963,95996
B,63,95761,96008
B,43,95909,96028
B,63,95746,96040
B,43,95771,96060
B,63,95826,96072
B,46,96070,96080
B,43,95842,96092
B,63,95854,96104
B,86,96100,96110
B,43,95995,96124
B,36,96029,96129
B,63,95914,96136
B,43,96077,96156
B,72,96128,96163
B,63,95609,96168
B,43,96084,96188
B,2,96183,96197
B,63,94698,96200
B,39,96205,96219
B,43,95995,96220
B,0,96213,96223
B,89,96212,96224
B,63,95912,96232
B,17,96218,96234
B,4,96228,96242
B,74,96242,96250
B,43,95944,96252
B,2,96243,96257
B,63,95974,96264
B,43,95826,96284
B,63,96135,96296
B,2,96289,96303
B,43,95738,96316
B,74,96316,96324
B,39,96316,96326
B,63,95995,96328
B,37,96328,96338
B,43,96122,96348
B,63,95956,96360
B,87,96367,96375
B,43,96285,96380
B,63,95855,96392
B,43,95964,96412
B,79,96402,96412
B,63,95096,96424
B,43,96199,96444
B,63,96307,96456
B,2,96444,96458
B,43,96386,96476
B,39,96470,96476
B,63,96112,96488
B,43,95914,96508
B,63,96498,96520
B,93,96526,96532
B,43,96464,96540
B,37,96535,96545
B,63,94753,96552
B,72,96561,96567
B,43,96373,96572
B,63,95986,96584
B,44,96571,96585
B,43,96483,96604
B,0,96605,96615
B,63,95890,96616
B,2,96610,96624
B,43,96595,96636
B,63,95111,96648
B,2,96620,96656
B,43,96589,96668
B,63,96556,96680
B,43,96587,96700
B,63,94774,96712
B,37,96707,96713
B,3,96705,96715
B,79,96715,96719
B,43,96539,96732
B,63,96583,96744
B,17,96732,96748
B,1,96751,96761
B,43,96718,96764
B,63,96520,96776
B,3,96775,96781
B,1,96760,96793
B,43,96130,96796
B,37,96796,96806
B,63,96065,96808
B,15,96799,96811
B,39,96809,96819
B,1,96754,96825
B,3,96817,96831
B,43,96828,96836
B,63,95597,96840
B,63,96237,96872
B,72,96880,96888
B,63,96030,96904
B,4,96892,96906
B,36,96918,96928
B,80,96928,96934
B,63,95935,96936
B,43,96944,96956
B,63,96614,96968
B,1,96964,96974
B,43,96969,96988
B,63,95111,97000
B,43,96968,97020
B,39,97018,97032
B,63,96664,97032
B,63,95426,97064
B,43,97064,97068
B,38,97068,97078
B,63,96332,97096
B,43,97067,97100
B,63,96840,97128
B,43,97098,97132
B,63,95236,97160
B,2,97170,97176
B,43,97176,97188
B,63,97009,97192
B,2,97197,97208
B,63,95057,97224
B,36,97222,97234
B,43,97236,97244
B,63,97101,97256
B,14,97263,97273
B,43,97245,97276
B,63,96194,97288
B,43,97278,97308
B,63,96773,97320
B,43,97282,97340
B,63,97106,97352
B,36,97341,97355
B,81,97348,97356
B,43,96650,97372
B,63,95253,97384
B,2,97395,97401
B,43,97342,97404
B,63,97241,97416
B,3,97406,97420
B,43,97352,97436
B,63,96222,97448
B,43,97417,97468
B,63,96512,97480
B,45,97483,97495
B,2,97482,97496
B,43,97295,97500
B,63,95690,97512
B,0,97521,97527
B,1,97507,97530
B,43,97500,97532
B,37,97533,97543
B,63,96992,97544
B,43,97501,97564
B,63,97253,97576
B,43,97563,97596
B,1,97596,97602
B,63,97277,97608
B,53,97602,97616
B,90,97606,97618
B,43,97505,97628
B,1,97617,97634
B,63,97296,97640
B,39,97642,97656
B,43,97609,97660
B,63,95881,97672
B,38,97667,97673
B,79,97667,97677
B,43,97542,97692
B,63,94677,97704
B,43,97645,97724
B,63,96688,97736
B,1,97735,97745
B,43,97743,97756
B,63,95142,97768
B,43,97554,97788
B,63,97677,97800
B,3,97796,97802
B,43,97771,97820
B,63,97595,97832
B,37,97812,97846
B,43,97804,97852
B,63,97512,97864
B,21,97860,97866
B,43,97826,97884
B,63,96548,97896
B,43,97820,97916
B,63,96171,97928
B,38,94952,97934
B,1,97924,97938
B,2,97928,97942
B,43,97846,97948
B,63,96350,97960
B,38,97825,97966
B,39,97963,97978
B,43,97908,97980
B,63,97357,97992
B,0,97991,98001
B,75,98000,98010
B,43,97922,98012
B,39,98013,98019
B,15,98009,98021
B,63,97487,98024
B,0,98027,98037
B,93,98037,98043
B,43,97921,98044
B,63,94944,98056
B,38,98066,98072
B,0,98061,98075
B,43,97984,98076
B,89,98045,98081
B,63,97620,98088
B,43,97993,98108
B,87,98077,98109
B,63,97852,98120
B,37,98119,98133
B,43,98006,98140
B,88,98080,98143
B,63,97939,98152
B,36,98150,98162
B,43,97944,98172
B,38,98177,98183
B,63,97650,98184
B,1,98002,98204
B,43,98134,98204
B,63,98035,98216
B,43,97965,98236
B,38,98220,98247
B,63,97651,98248
B,3,98244,98250
B,22,98253,98261
B,0,98256,98266
B,43,98205,98268
B,63,97873,98280
B,2,98284,98298
B,43,98096,98300
B,63,97917,98312
B,39,98316,98322
B,43,98034,98332
B,63,98168,98344
B,89,98341,98353
B,43,98193,98364
B,63,98159,98376
B,2,98366,98380
B,43,98303,98396
B,63,97793,98408
B,43,98251,98428
B,63,98254,98440
B,0,98437,98443
B,43,98310,98460
B,63,98180,98472
B,1,98475,98481
B,43,98249,98492
B,2,98483,98493
B,63,98284,98504
B,1,98511,98517
B,38,98506,98522
B,43,98376,98524
B,3,98521,98527
B,10,98519,98531
B,63,98332,98536
B,43,98308,98556
B,63,98334,98568
B,0,98569,98579
B,43,98303,98588
B,89,98582,98594
B,63,98249,98600
B,37,98609,98615
B,2,98612,98618
B,43,98412,98620
B,63,98282,98632
B,38,98576,98645
B,43,98345,98652
B,63,98645,98664
B,43,98356,98684
B,37,98643,98686
B,36,98551,98687
B,63,98609,98696
B,43,98608,98716
B,38,98656,98716
B,63,98554,98728
B,43,98683,98748
B,63,98561,98760
B,37,98773,98779
B,43,98463,98780
B,63,98395,98792
B,43,98618,98812
B,1,98806,98816
B,72,98809,98817
B,63,98530,98824
B,2,98828,98842
B,43,98645,98844
B,63,98390,98856
B,43,98731,98876
B,63,98652,98888
B,36,98881,98895
B,43,98761,98908
B,87,98902,98910
B,63,98623,98920
B,36,98911,98927
B,43,98588,98940
B,88,98932,98944
B,63,98852,98952
B,43,98936,98972
B,95,98946,98976
B,63,98598,98984
B,38,98968,98988
B,2,98987,98997
B,43,98688,99004
B,36,98994,99012
B,23,99004,99014
B,63,98970,99016
B,43,98967,99036
B,63,98555,99048
B,74,99054,99062
B,43,98968,99068
B,63,98905,99080
B,43,98983,99100
B,1,99095,99109
B,63,98935,99112
B,43,98904,99132
B,63,98659,99144
B,43,98825,99164
B,63,98960,99176
B,43,98988,99196
B,1,99183,99197
B,39,99032,99202
B,63,98889,99208
B,72,99206,99214
B,43,99087,99228
B,63,99164,99240
B,37,99228,99242
B,82,99234,99242
B,72,99214,99246
B,43,99181,99260
B,63,98751,99272
B,37,99269,99279
B,43,99054,99292
B,63,99147,99304
B,37,99286,99311
B,43,99216,99324
B,63,98966,99336
B,43,99215,99356
B,63,99144,99368
B,81,99372,99380
B,43,99220,99388
B,51,99382,99392
B,63,99225,99400
B,80,99410,99416
B,43,99397,99420
B,63,99182,99432
B,3,99435,99441
B,1,99437,99451
B,43,99405,99452
B,0,99445,99459
B,63,99152,99464
B,75,99463,99471
B,43,99450,99484
B,63,98847,99496
B,43,99473,99516
B,63,99359,99528
B,43,99488,99548
B,63,99141,99560
B,80,99563,99569
B,38,99564,99574
B,37,99566,99576
B,43,99442,99580
B,63,99221,99592
B,43,99596,99612
B,63,98981,99624
B,39,99614,99628
B,63,99597,99656
B,43,99653,99665
B,63,99274,99688
B,43,99685,99697
B,63,98628,99720
B,43,99711,99729
B,87,99734,99742
B,63,99216,99752
B,43,99736,99761
B,37,99751,99769
B,63,99330,99784
B,43,99789,99801
B,63,99670,99816
B,36,99808,99820
B,38,99810,99824
B,43,99808,99833
B,74,99832,99840
B,63,99565,99848
B,2,99835,99849
B,43,99816,99865
B,63,99350,99880
B,37,99869,99887
B,43,99861,99897
B,63,99848,99912
B,43,99877,99929
B,63,98717,99944
B,43,99931,99961
B,63,99955,99976
B,0,99987,100001
B,2,99991,100005
B,63,99508,100008
B,43,100007,100015
B,63,99640,100040
B,93,100049,100055
B,38,100049,100059
B,63,99862,100072
B,3,100061,100075
B,1,100068,100082
B,43,100073,100085
B,23,100089,100099
B,63,99810,100104
B,38,100102,100112
B,43,100115,100123
B,23,100103,100131
B,63,99894,100136
B,63,99284,100168
B,37,100181,100187
B,38,100185,100195
B,80,100194,100200
B,63,99760,100200
B,63,99467,100232
B,38,100238,100248
B,63,99771,100264
B,43,100262,100274
B,37,100273,100287
B,63,100065,100296
B,1,100289,100299
B,43,100275,100306
B,0,100310,100316
B,90,100305,100317
B,2,100304,100318
B,63,99937,100328
B,43,100337,100347
B,2,100315,100350
B,72,100352,100360
B,63,99657,100360
B,37,100370,100377
B,43,100355,100379
B,2,100326,100382
B,63,99505,100392
B,43,100383,100411
B,63,99745,100424
B,43,100366,100443
B,3,100431,100445
B,63,99523,100456
B,45,100450,100462
B,39,100458,100464
B,88,100457,100467
B,0,100454,100468
B,43,100398,100475
B,72,100471,100477
B,3,100443,100477
B,63,99926,100488
B,2,100460,100496
B,43,100489,100507
B,39,100497,100507
B,63,100306,100520
B,43,100521,100539
B,63,100317,100552
B,43,100512,100571
B,63,100334,100584
B,4,100570,100584
B,43,100400,100603
B,38,100603,100609
B,63,100403,100616
B,43,100402,100635
B,37,100521,100638
B,38,100611,100641
B,57,100635,100643
B,63,99998,100648
B,1,100657,100663
B,43,100471,100667
B,63,100558,100680
B,45,100685,100697
B,43,100543,100699
B,81,100452,100710
B,63,100045,100712
B,43,100648,100731
B,44,100722,100736
B,63,100182,100744
B,37,100752,100762
B,43,100616,100763
B,63,100250,100776
B,43,100624,100795
B,2,100783,100797
B,3,100794,100800
B,63,100666,100808
B,0,100812,100818
B,1,100811,100825
B,86,100816,100826
B,43,100798,100827
B,46,100826,100836
B,63,100288,100840
B,16,100838,100852
B,43,100706,100859
B,36,100859,100869
B,63,100780,100872
B,0,100882,100888
B,43,100788,100891
B,38,100882,100892
B,63,100716,100904
B,36,100904,100916
B,43,100746,100923
B,63,100719,100936
B,43,100810,100955
B,63,100307,100968
B,2,100973,100979
B,43,100959,100987
B,0,100988,100998
B,63,100861,101000
B,43,100975,101019
B,63,100850,101032
B,43,100959,101051
B,63,100952,101064
B,43,101011,101083
B,3,101077,101091
B,63,100799,101096
B,38,101100,101106
B,43,100992,101115
B,9,101110,101124
B,63,100988,101128
B,39,101136,101146
B,43,100987,101147
B,63,101010,101160
B,87,101158,101166
B,36,101162,101174
B,43,101122,101179
B,63,100919,101192
B,37,101170,101204
B,43,101041,101211
B,63,101128,101224
B,39,101219,101229
B,73,101228,101234
B,2,101233,101239
B,43,101144,101243
B,79,101152,101244
B,63,100983,101256
B,43,101163,101275
B,3,101273,101287
B,63,101144,101288
B,43,101292,101307
B,95,101299,101309
B,63,100885,101320
B,1,101319,101333
B,18,101336,101344
B,63,101196,101352
B,38,101351,101365
B,63,101195,101384
B,63,100916,101416
B,63,101417,101448
B,39,101455,101465
B,52,101461,101473
B,63,101129,101480
B,0,101480,101486
B,43,101480,101492
B,14,101478,101503
B,63,100814,101512
B,38,101518,101524
B,43,101534,101542
B,63,101302,101544
B,74,101552,101560
B,82,101554,101562
B,0,101565,101571
B,43,101538,101574
B,3,101566,101576
B,63,101537,101576
B,43,101583,101606
B,63,101465,101608
B,39,101598,101612
B,36,101579,101625
B,43,101590,101638
B,63,101456,101640
B,37,101615,101655
B,2,101649,101659
B,43,101585,101670
B,63,101576,101672
B,74,101665,101673
B,43,101685,101702
B,63,101687,101704
B,0,101709,101715
B,2,101705,101719
B,43,101643,101734
B,63,101626,101736
B,36,101733,101743
B,38,101738,101748
B,0,101739,101753
B,43,101675,101766
B,63,101704,101768
B,43,101722,101798
B,63,101696,101800
B,43,101765,101830
B,63,101658,101832
B,1,101822,101836
B,38,101823,101839
B,37,101849,101855
B,43,101721,101862
B,63,101840,101864
B,38,101869,101879
B,43,101778,101894
B,63,101670,101896
B,38,101867,101911
B,43,101717,101926
B,63,101690,101928
B,3,101925,101931
B,43,101873,101958
B,63,101627,101960
B,0,101959,101969
B,43,101903,101990
B,63,101782,101992
B,0,101963,102001
B,37,102004,102010
B,39,102008,102018
B,43,101809,102022
B,63,101811,102024
B,75,102019,102027
B,43,101941,102054
B,63,101804,102056
B,39,102053,102063
B,43,101824,102086
B,63,102043,102088
B,43,102104,102118
B,63,102063,102120
B,3,102131,102137
B,43,101921,102150
B,63,101842,102152
B,1,102168,102178
B,43,101840,102182
B,63,101976,102184
B,89,102190,102202
B,43,102022,102214
B,63,101888,102216
B,10,102206,102218
B,38,102215,102229
B,74,102233,102241
B,43,101900,102246
B,63,101845,102248
B,3,102246,102256
B,23,102263,102273
B,43,102221,102278
B,63,102213,102280
B,1,102272,102286
B,94,102290,102298
B,39,102291,102301
B,4,102290,102304
B,43,102005,102310
B,63,102125,102312
B,1,102310,102320
B,38,102308,102327
B,46,102314,102332
B,43,102241,102342
B,63,102263,102344
B,43,101856,102374
B,63,102337,102376
B,1,102377,102387
B,43,102219,102406
B,63,102342,102408
B,0,102410,102424
B,37,102416,102426
B,43,102250,102438
B,63,102382,102440
B,38,102427,102441
B,1,102415,102454
B,43,101879,102470
B,63,102030,102472
B,43,102230,102502
B,63,102478,102504
B,43,102172,102534
B,63,102505,102536
B,43,102513,102566
B,63,102439,102568
B,3,102568,102578
B,14,102580,102590
B,43,102205,102598
B,63,102524,102600
B,43,102352,102630
B,63,102385,102632
B,36,102648,102660
B,43,102561,102662
B,63,102593,102664
B,89,102662,102674
B,39,102674,102688
B,37,102622,102692
B,43,102060,102694
B,63,102234,102696
B,43,102618,102726
B,2,102716,102726
B,63,102006,102728
B,43,102593,102758
B,63,102566,102760
B,3,102753,102765
B,43,102617,102790
B,63,102119,102792
B,3,102770,102797
B,43,102713,102822
B,38,102768,102822
B,63,102628,102824
B,43,102417,102854
B,63,102192,102856
B,0,102863,102869
B,43,102758,102886
B,63,102486,102888
B,2,102888,102898
B,21,102901,102907
B,43,102478,102918
B,39,102908,102918
B,63,101936,102920
B,81,102935,102943
B,43,102921,102950
B,63,102907,102952
B,79,102944,102971
B,43,102725,102982
B,63,102707,102984
B,82,102985,103009
B,23,103001,103011
B,43,102936,103014
B,63,102916,103016
B,43,102949,103046
B,63,102828,103048
B,0,103051,103061
B,2,103071,103077
B,43,102559,103078
B,63,102914,103080
B,93,103085,103091
B,43,103038,103110
B,2,103106,103112
B,63,102978,103112
B,39,102959,103116
B,43,102527,103142
B,63,102539,103144
B,39,102996,103148
B,8,103155,103171
B,43,103120,103174
B,63,103109,103176
B,86,103178,103188
B,43,102821,103206
B,63,102890,103208
B,43,102612,103238
B,63,103112,103240
B,38,103253,103259
B,39,103249,103259
B,43,103253,103270
B,44,103256,103270
B,3,103257,103271
B,63,103033,103272
B,43,103063,103302
B,63,102927,103304
B,4,103308,103322
B,43,103048,103334
B,63,103305,103336
B,39,103334,103340
B,43,102533,103366
B,63,102620,103368
B,38,103379,103393
B,43,103147,103398
B,63,103120,103400
B,43,102836,103430
B,63,103079,103432
B,39,103039,103436
B,43,102579,103462
B,63,103225,103464
B,7,103452,103470
B,37,103472,103486
B,54,103482,103492
B,43,103395,103494
B,63,103126,103496
B,3,103494,103504
B,38,103506,103520
B,43,103152,103526
B,63,103122,103528
B,43,103276,103558
B,63,103448,103560
B,38,103552,103562
B,2,103575,103585
B,43,102977,103590
B,63,103009,103592
B,0,103611,103617
B,43,103395,103622
B,63,103325,103624
B,43,103037,103654
B,63,103380,103656
B,36,103643,103679
B,43,103570,103686
B,63,103358,103688
B,22,103686,103694
B,80,103705,103711
B,43,103635,103718
B,63,103481,103720
B,3,103719,103733
B,43,103687,103750
B,63,102067,103752
B,43,103749,103782
B,63,103523,103784
B,81,103778,103786
B,38,103767,103787
B,43,103253,103814
B,63,103399,103816
B,36,102664,103846
B,43,103792,103846
B,63,103586,103848
B,9,103850,103864
B,43,103020,103878
B,63,102988,103880
B,43,103841,103910
B,90,103899,103911
B,1,103720,103911
B,63,103243,103912
B,16,103887,103915
B,81,103931,103939
B,2,103836,103941
B,43,103915,103942
B,63,103193,103944
B,39,103934,103951
B,3,103958,103964
B,43,103859,103974
B,63,103862,103976
B,38,103985,103999
B,43,103934,104006
B,63,103546,104008
B,87,104024,104032
B,43,102636,104038
B,63,103762,104040
B,0,104032,104042
B,43,103485,104070
B,63,103954,104072
B,0,104044,104074
B,3,104071,104081
B,43,103507,104102
B,63,103716,104104
B,43,104074,104134
B,63,103755,104136
B,0,104142,104148
B,37,104142,104148
B,43,104007,104166
B,63,103875,104168
B,0,104169,104180
B,43,104087,104198
B,63,104050,104200
B,81,104211,104219
B,43,104159,104230
B,63,103636,104232
B,3,104238,104250
B,43,103858,104262
B,63,103970,104264
B,43,103629,104294
B,63,104181,104296
B,39,103514,104300
B,43,103533,104326
B,63,104111,104328
B,3,104334,104344
B,43,104295,104358
B,63,103264,104360
B,36,104350,104362
B,44,104375,104389
B,43,104105,104390
B,63,103058,104392
B,95,104411,104421
B,43,103510,104422
B,63,104072,104424
B,43,104030,104454
B,63,103861,104456
B,43,103864,104486
B,63,104017,104488
B,2,104484,104490
B,94,104486,104494
B,73,104499,104505
B,43,104432,104518
B,63,104279,104520
B,36,104534,104548
B,46,104538,104548
B,43,104197,104550
B,73,104546,104552
B,63,104245,104552
B,43,104562,104582
B,38,104573,104583
B,0,104570,104584
B,63,103292,104584
B,43,104334,104614
B,63,104284,104616
B,88,104613,104623
B,38,104576,104637
B,81,104631,104639
B,43,103754,104646
B,63,104324,104648
B,43,104571,104678
B,63,103971,104680
B,38,104678,104688
B,39,104661,104688
B,89,104678,104690
B,43,103935,104710
B,63,104533,104712
B,38,104682,104720
B,43,104707,104742
B,63,104481,104744
B,1,104746,104760
B,8,104746,104762
B,36,104760,104772
B,43,104373,104774
B,63,104220,104776
B,37,104758,104802
B,43,104780,104806
B,63,103449,104808
B,39,104822,104828
B,43,104523,104838
B,63,104762,104840
B,1,104836,104842
B,57,104837,104845
B,36,104837,104847
B,0,104855,104865
B,43,103858,104870
B,63,104322,104872
B,43,104825,104902
B,63,104110,104904
B,43,103971,104934
B,89,104922,104934
B,63,104593,104936
B,59,104947,104959
B,43,104907,104966
B,63,103515,104968
B,1,104956,104970
B,38,104957,104971
B,37,104976,104990
B,43,104551,104998
B,63,104848,105000
B,0,104989,105004
B,2,105004,105014
B,39,105013,105023
B,43,104205,105030
B,63,103790,105032
B,2,105017,105046
B,43,104818,105062
B,63,104436,105064
B,38,105064,105074
B,43,104687,105094
B,63,104828,105096
B,43,105078,105126
B,63,103948,105128
B,43,104450,105158
B,63,104739,105160
B,0,105166,105176
B,21,105180,105186
B,43,105170,105190
B,63,104065,105192
B,1,105160,105206
B,72,105201,105207
B,43,104680,105222
B,63,104889,105224
B,39,105236,105242
B,90,105242,105254
B,43,105077,105254
B,63,104859,105256
B,74,105254,105262
B,38,105257,105273
B,43,104861,105286
B,37,105253,105288
B,63,104077,105288
B,21,105297,105303
B,43,104693,105318
B,63,104827,105320
B,43,105133,105350
B,0,105337,105351
B,63,104437,105352
B,81,105353,105363
B,43,105059,105382
B,63,104826,105384
B,43,105259,105414
B,63,105259,105416
B,1,105439,105445
B,43,105218,105446
B,63,104866,105448
B,72,105446,105456
B,43,104810,105478
B,63,105260,105480
B,43,105108,105510
B,37,105241,105511
B,63,105075,105512
B,36,105341,105514
B,79,105508,105518
B,73,105527,105537
B,43,105053,105542
B,50,104759,105542
B,81,105532,105542
B,63,105159,105544
B,75,105535,105545
B,36,105494,105546
B,53,104794,105550
B,0,105559,105569
B,43,105043,105574
B,63,105180,105576
B,37,105590,105600
B,79,105596,105606
B,63,105127,105608
B,53,105431,105615
B,3,105610,105616
B,80,105611,105621
B,63,105136,105640
B,73,105636,105646
B,74,105654,105664
B,1,105659,105669
B,63,105325,105672
B,82,105663,105677
B,1,105674,105701
B,63,105319,105704
B,39,105712,105722
B,63,105279,105736
B,38,105757,105767
B,63,105310,105768
B,0,105764,105770
B,2,105762,105776
B,9,105771,105785
B,3,105779,105789
B,63,105271,105800
B,81,105797,105807
B,36,105818,105830
B,63,105313,105832
B,80,105825,105835
B,15,105826,105838
B,81,105818,105839
B,37,105845,105860
B,53,105844,105872
B,80,105884,105894
B,72,105890,105900
B,39,105912,105926
B,37,105924,105938
B,39,105926,105958
B,79,105960,105970
B,22,105972,105980
B,73,106018,106028
B,81,106031,106041
B,38,106036,106050
B,80,106040,106056
B,75,106047,106057
B,73,106050,106060
B,79,106088,106098
B,3,106130,106136
B,38,106146,106160
B,1,106174,106180
B,37,106213,106223
B,73,106227,106237
B,79,106227,106237
B,74,106238,106248
B,79,106256,106269
B,74,106242,106280
B,0,106277,106287
B,74,106276,106312
B,73,106322,106332
B,74,106321,106344
B,81,106335,106345
B,1,106348,106354
B,80,106366,106376
B,37,106367,106385
B,1,106359,106386
B,72,106402,106412
B,82,106402,106416
B,81,106409,106417
B,1,106367,106418
B,37,106450,106464
B,82,106462,106476
B,0,106468,106482
B,37,106472,106496
B,80,106498,106508
B,81,106501,106511
B,74,106508,106516
B,36,106522,106532
B,1,106525,106535
B,72,106536,106546
B,39,106543,106553
B,75,106553,106561
B,72,106554,106578
B,82,106572,106586
B,36,106587,106601
B,39,106642,106648
B,73,106660,106670
B,2,106667,106681
B,1,106673,106683
B,79,106709,106719
B,36,106730,106740
B,79,106737,106751
B,22,106755,106763
B,80,106806,106816
B,79,106822,106832
B,81,106834,106842
B,82,106829,106843
B,0,106848,106858
B,82,106836,106875
B,73,106866,106876
B,81,106871,106881
B,17,106883,106899
B,73,106888,106908
B,39,106895,106909
B,81,106890,106913
B,72,106921,106931
B,10,106919,106931
B,0,106920,106934
B,75,106935,106945
B,37,106941,106955
B,72,106946,106963
B,1,106937,106964
B,36,106965,106979
B,3,106965,106979
B,81,106980,106990
B,75,106983,106993
B,44,106985,106999
B,37,107000,107006
B,18,107041,107049
B,3,107054,107064
B,82,107066,107080
B,37,107074,107088
B,3,107061,107096
B,73,107091,107101
B,80,107105,107115
B,37,107097,107120
B,57,107127,107135
B,46,107128,107138
B,3,107139,107145
B,72,107146,107156
B,81,107168,107178
B,0,107208,107214
B,52,107205,107217
B,75,107248,107258
B,82,107261,107275
B,81,107270,107280
B,38,107342,107352
B,3,107345,107359
B,82,107345,107359
B,80,107365,107375
B,82,107375,107391
B,3,107401,107407
B,36,107400,107414
B,72,107393,107417
B,74,107420,107430
B,39,107425,107435
B,1,107427,107437
B,81,107430,107440
B,37,107443,107457
B,80,107459,107469
B,38,107476,107486
B,74,107496,107506
B,82,107501,107515
B,73,107508,107518
B,79,107519,107529
B,80,107511,107546
B,81,107536,107546
B,38,107650,107656
B,82,107645,107659
B,3,107647,107661
B,0,107660,107666
B,50,107721,107729
B,82,107716,107730
B,3,107721,107731
B,36,107723,107733
B,75,107729,107739
B,39,107751,107765
B,1,107762,107776
B,72,107772,107782
B,73,107793,107803
B,37,107800,107806
B,2,107798,107812
B,37,107826,107838
B,81,107828,107838
B,73,107836,107846
B,74,107854,107876
B,80,107893,107903
B,73,107898,107910
B,36,107900,107920
B,2,107936,107946
B,37,107902,107950
B,23,107962,107972
B,73,107967,107977
B,1,107912,107980
B,7,107993,108011
B,38,108007,108013
B,72,108016,108026
B,79,108033,108043
B,38,108032,108045
B,21,108046,108052
B,18,108118,108126
B,0,108126,108144
B,73,108140,108150
B,75,108146,108156
B,36,108147,108159
B,72,108171,108181
B,73,108160,108182
B,37,108180,108186
B,74,108182,108192
B,75,108186,108196
B,37,108171,108218
B,44,108217,108231
B,72,108223,108233
B,0,108230,108244
B,37,108271,108277
B,81,108299,108309
B,2,108299,108313
B,39,108316,108322
B,74,108340,108350
B,81,108342,108352
B,81,108377,108387
B,74,108396,108406
B,39,108406,108416
B,38,108416,108430
B,72,108424,108434
B,39,108432,108448
B,0,108434,108452
B,75,108445,108455
B,81,108463,108473
B,18,108528,108536
B,16,108522,108536
B,39,108532,108542
B,0,108529,108543
B,44,108553,108567
B,73,108565,108575
B,74,108571,108605
B,38,108636,108646
B,82,108649,108663
B,0,108650,108664
B,79,108673,108683
B,80,108680,108690
B,2,108685,108691
B,82,108682,108696
B,75,108702,108712
B,72,108705,108715
B,37,108712,108718
B,82,108691,108728
B,72,108717,108747
B,80,108742,108752
B,37,108746,108760
B,80,108745,108784
B,0,108793,108807
B,73,108804,108814
B,39,108811,108817
B,74,108806,108844
B,72,108840,108850
B,74,108823,108876
B,39,108872,108886
B,9,108904,108918
B,73,108914,108924
B,72,108919,108929
B,39,108922,108936
B,0,108968,108982
B,1,108968,108984
B,38,108981,108995
B,75,108985,108995
B,81,109001,109011
B,0,109023,109029
B,38,109032,109042
B,36,109048,109060
B,37,109065,109071
B,39,109057,109072
B,79,109070,109080
B,82,109071,109085
B,18,109095,109103
B,37,109090,109104
B,36,109102,109114
B,75,109106,109116
B,51,109121,109131
B,73,109129,109139
B,22,109136,109144
B,81,109130,109146
B,82,109155,109169
B,74,109167,109177
B,2,109179,109189
B,81,109191,109201
B,0,109213,109223
B,75,109201,109235
B,37,109227,109241
B,81,109218,109265
B,1,109254,109268
B,73,109275,109285
B,3,109284,109294
B,75,109274,109299
B,54,109291,109301
B,2,109308,109314
B,72,109324,109334
B,75,109325,109335
B,1,109331,109341
B,37,109356,109375
B,81,109411,109421
B,0,109424,109434
B,79,109457,109467
B,1,109495,109501
B,81,109496,109506
B,79,109537,109547
B,82,109539,109553
B,82,109555,109585
B,73,109586,109596
B,1,109601,109607
B,79,109605,109615
B,74,109616,109626
B,2,109640,109646
B,1,109657,109671
B,82,109665,109679
B,82,109667,109711
B,79,109703,109713
B,37,109706,109716
B,1,109716,109722
B,3,109715,109729
B,39,109731,109737
B,82,109687,109743
B,80,109739,109749
B,82,109764,109778
B,74,109775,109785
B,0,109772,109786
B,38,109782,109792
B,2,109777,109814
B,0,109819,109829
B,1,109856,109862
B,74,109860,109870
B,73,109861,109871
B,10,109866,109878
B,0,109884,109890
B,73,109883,109903
B,81,109894,109904
B,22,109905,109913
B,81,109901,109936
B,51,109927,109937
B,3,109937,109943
B,37,109940,109946
B,80,109968,109978
B,82,109967,109981
B,38,109972,109986
B,79,109982,109992
B,82,109976,110013
B,74,110006,110016
B,73,110007,110017
B,79,110027,110037
B,80,110007,110045
B,74,110021,110048
B,37,110039,110053
B,3,110060,110066
B,81,110042,110074
B,79,110084,110094
B,2,110093,110107
B,72,110110,110120
B,0,110118,110124
B,79,110110,110126
B,82,110117,110131
B,2,110125,110139
B,36,110134,110148
B,2,110163,110177
B,3,110191,110205
B,2,110189,110209
B,3,110223,110237
B,1,110316,110330
B,72,110326,110336
B,36,110335,110349
B,74,110342,110352
B,59,110342,110354
B,39,110401,110415
B,3,110445,110451
B,82,110443,110457
B,2,110447,110461
B,72,110454,110464
B,10,110456,110468
B,36,110459,110471
B,72,110468,110496
B,1,110489,110499
B,74,110541,110551
B,2,110571,110585
B,72,110576,110586
B,82,110589,110603
B,2,110595,110617
B,81,110616,110626
B,38,110613,110627
B,37,110634,110644
B,2,110598,110649
B,79,110662,110672
B,79,110689,110704
B,38,110700,110706
B,0,110712,110718
B,1,110737,110747
B,38,110740,110750
B,81,110761,110771
B,2,110781,110791
B,79,110794,110804
B,39,110802,110808
B,3,110798,110810
B,74,110802,110812
B,75,110805,110815
B,80,110811,110842
B,81,110815,110845
B,80,110878,110888
B,82,110877,110891
B,36,110885,110905
B,81,110900,110910
B,80,110905,110920
B,1,110918,110928
B,1,110931,110960
B,37,110955,110961
B,75,110973,110983
B,38,110976,110986
B,82,110980,110994
B,0,110981,110995
B,80,111006,111016
B,80,111014,111048
B,39,111041,111055
B,73,111048,111058
B,36,111061,111071
B,3,111060,111074
B,2,111078,111092
B,2,111085,111124
B,80,111115,111125
B,73,111131,111141
B,22,111136,111144
B,2,111124,111156
B,1,111175,111181
B,72,111173,111183
B,75,111179,111189
B,75,111183,111221
B,36,111253,111265
B,0,111272,111278
B,73,111280,111290
B,1,111280,111294
B,72,111306,111316
B,79,111330,111340
B,0,111344,111350
B,1,111355,111365
B,82,111360,111368
B,38,111398,111404
B,81,111396,111406
B,79,111403,111413
B,39,111428,111442
B,9,111454,111468
B,0,111472,111486
B,82,111493,111507
B,72,111532,111542
B,16,111534,111548
B,36,111540,111554
B,80,111547,111568
B,1,111573,111579
B,39,111573,111579
B,3,111583,111597
B,37,111598,111604
B,1,111593,111611
B,73,111604,111614
B,82,111606,111620
B,36,111618,111632
B,1,111612,111643
B,38,111666,111672
B,53,111660,111674
B,37,111663,111677
B,74,111708,111718
B,75,111729,111739
B,73,111734,111744
B,74,111730,111750
B,80,111750,111760
B,38,111756,111770
B,73,111760,111776
B,39,111772,111778
B,3,111791,111797
B,74,111820,111830
B,1,111819,111833
B,79,111855,111865
B,36,111856,111866
B,39,111871,111885
B,73,111895,111905
B,2,111914,111924
B,79,111972,111982
B,81,111988,111998
B,0,112010,112024
B,3,112022,112032
B,73,112032,112042
B,7,112041,112059
B,3,112057,112064
B,73,112067,112077
B,1,112068,112082
B,79,112103,112113
B,1,112098,112114
B,81,112133,112143
B,73,112163,112173
B,80,112165,112175
B,75,112176,112186
B,75,112207,112218
B,79,112209,112219
B,1,112242,112252
B,75,112258,112268
B,80,112262,112272
B,18,112265,112273
B,74,112277,112285
B,79,112273,112306
B,51,112320,112330
B,74,112349,112359
B,73,112352,112362
B,39,112350,112364
B,82,112364,112378
B,38,112381,112387
B,82,112456,112470
B,2,112459,112473
B,73,112497,112507
B,50,112509,112517
B,1,112529,112535
B,79,112500,112537
B,75,112529,112539
B,3,112541,112547
B,50,112561,112569
B,75,112565,112575
B,37,112577,112587
B,81,112586,112596
B,1,112600,112614
B,79,112630,112640
B,39,112636,112642
B,1,112609,112646
B,15,112666,112678
B,1,112670,112684
B,73,112684,112690
B,72,112697,112707
B,36,112696,112708
B,75,112698,112708
B,1,112697,112716
B,39,112695,112724
B,73,112721,112731
B,79,112729,112739
B,36,112699,112740
B,38,112745,112767
B,73,112762,112773
B,80,112809,112819
B,36,112814,112828
B,22,112845,112853
B,37,112855,112861
B,50,112865,112873
B,38,112918,112924
B,39,112923,112937
B,37,112936,112942
B,81,112932,112942
B,79,112946,112956
B,39,112975,112981
B,72,112991,113001
B,81,113001,113011
B,75,113007,113017
B,73,113013,113023
B,37,113018,113028
B,0,113057,113063
B,39,113094,113108
B,38,113102,113116
B,54,113117,113127
B,82,113124,113138
B,39,113151,113157
B,80,113151,113161
B,3,113162,113174
B,81,113165,113175
B,72,113172,113182
B,1,113178,113184
B,73,113198,113208
B,82,113215,113229
B,73,113208,113240
B,74,113259,113269
B,3,113265,113275
B,75,113320,113330
B,36,113326,113340
B,80,113352,113362
B,79,113356,113366
B,2,113358,113368
B,38,113385,113399
B,2,113377,113400
B,8,113376,113421
B,39,113411,113421
B,74,113427,113437
B,59,113441,113453
B,75,113448,113458
B,80,113449,113467
B,1,113497,113503
B,37,113506,113516
B,82,113513,113527
B,75,113524,113534
B,1,113514,113535
B,82,113562,113576
B,74,113584,113592
B,2,113590,113604
B,73,113602,113612
B,38,113610,113620
B,3,113589,113622
B,0,113601,113629
B,75,113652,113662
B,73,113700,113710
B,79,113711,113721
B,38,113716,113722
B,37,113751,113761
B,81,113766,113776
B,9,113785,113799
B,79,113830,113840
B,0,113858,113864
B,39,113868,113874
B,72,113875,113885
B,82,113875,113889
B,0,113905,113915
B,79,113915,113925
B,81,113937,113947
B,80,113984,113994
B,16,114009,114023
B,81,114017,114027
B,80,114019,114029
B,2,114025,114031
B,73,114034,114044
B,46,114098,114108
B,81,114099,114109
B,2,114147,114161
B,82,114168,114182
B,57,114177,114185
B,1,114182,114192
B,74,114249,114259
B,1,114249,114263
B,80,114250,114289
B,36,114278,114292
B,73,114259,114293
B,2,114283,114297
B,1,114290,114304
B,15,114295,114307
B,80,114284,114321
B,10,114314,114326
B,23,114327,114341
B,72,114351,114361
B,1,114370,114380
B,80,114397,114407
B,1,114417,114431
B,80,114399,114439
B,73,114440,114450
B,23,114445,114455
B,79,114437,114473
B,75,114466,114476
B,36,114494,114504
B,79,114495,114505
B,0,114507,114521
B,2,114535,114545
B,38,114570,114576
B,9,114579,114593
B,80,114586,114596
B,53,114594,114608
B,80,114598,114628
B,3,114621,114631
B,57,114663,114671
B,2,114669,114675
B,72,114678,114688
B,38,114681,114691
B,80,114693,114714
B,38,114717,114723
B,39,114721,114735
B,75,114737,114747
B,2,114748,114762
B,73,114772,114782
B,81,114777,114787
B,81,114788,114819
B,73,114840,114850
B,39,114852,114858
B,37,114865,114879
B,3,114869,114879
B,82,114865,114879
B,81,114871,114881
B,36,114884,114904
B,72,114891,114905
B,3,114883,114911
B,81,114908,114916
B,82,114928,114943
B,39,114949,114955
B,0,114960,114978
B,73,114997,115003
B,82,115000,115008
B,0,115001,115010
B,38,115032,115048
B,82,115080,115088
B,1,115087,115097
B,73,115122,115128
B,37,115143,115153
B,2,115147,115157
B,80,115148,115158
B,38,115166,115176
B,72,115170,115180
B,79,115176,115186
B,3,115175,115187
B,81,115192,115200
B,15,115189,115201
B,39,115211,115217
B,72,115233,115243
B,54,115243,115253
B,36,115263,115275
B,72,115243,115275
B,37,115270,115284
B,39,115299,115313
B,72,115307,115317
B,74,115332,115342
B,80,115354,115364
B,36,115372,115384
B,75,115379,115389
B,80,115378,115396
B,0,115391,115401
B,3,115405,115419
B,82,115408,115422
B,72,115486,115496
B,39,115515,115529
B,0,115533,115543
B,38,115533,115543
B,1,115544,115554
B,73,115577,115587
B,38,115583,115597
B,36,115586,115600
B,28,115627,115633
B,0,115628,115638
B,37,115645,115651
B,65,115648,115652
B,1,115661,115668
B,28,115674,115680
B,37,115657,115683
B,39,115706,115712
B,2,115736,115746
B,21,115752,115758
B,64,115754,115758
B,0,115761,115767
B,28,115766,115776
B,2,115743,115778
B,74,115778,115786
B,39,115776,115786
B,81,115779,115787
B,64,115778,115790
B,81,115809,115819
B,64,115802,115822
B,38,115825,115835
B,28,115832,115838
B,39,115827,115841
B,3,115836,115846
B,64,115816,115854
B,72,115856,115862
B,28,115813,115870
B,64,115849,115886
B,73,115893,115899
B,0,115896,115902
B,28,115857,115902
B,38,115895,115909
B,3,115904,115918
B,64,115854,115918
B,36,115933,115945
B,64,115834,115950
B,28,115953,115959
B,64,115822,115982
B,39,115984,115998
B,40,115995,116005
B,28,116004,116014
B,64,115948,116014
B,1,116032,116042
B,28,115843,116046
B,64,115885,116046
B,0,116054,116068
B,37,116064,116070
B,28,116012,116078
B,64,115915,116078
B,47,116078,116090
B,71,116090,116096
B,72,116103,116109
B,28,116043,116110
B,64,115928,116110
B,38,116108,116114
B,96,116117,116134
B,52,116113,116141
B,28,116097,116142
B,64,116016,116142
B,28,116079,116174
B,64,115942,116174
B,28,116115,116206
B,64,115823,116206
B,38,116206,116216
B,97,116214,116218
B,64,116116,116238
B,28,116006,116239
B,1,116241,116255
B,36,116243,116257
B,64,116161,116270
B,28,116261,116271
B,20,116256,116277
B,97,116278,116282
B,0,116248,116289
B,64,116233,116302
B,28,116283,116303
B,64,116139,116334
B,28,116299,116335
B,22,116327,116365
B,64,116035,116366
B,64,116241,116398
B,28,116400,116406
B,38,116414,116420
B,36,116417,116427
B,64,115878,116430
B,2,116429,116435
B,28,116408,116438
B,15,116434,116452
B,64,116321,116462
B,29,116247,116466
B,28,116079,116470
B,1,116484,116490
B,64,116346,116494
B,97,116497,116501
B,92,116511,116521
B,64,116103,116526
B,28,116539,116549
B,64,116418,116558
B,97,116563,116575
B,64,116080,116590
B,37,116594,116608
B,64,116462,116622
B,38,116619,116633
B,28,116627,116633
B,1,116640,116646
B,64,115972,116654
B,2,116645,116659
B,28,116654,116665
B,1,116644,116678
B,64,116578,116686
B,28,116313,116697
B,64,116638,116718
B,28,116671,116729
B,1,116724,116734
B,0,116733,116743
B,39,116730,116744
B,64,116568,116750
B,28,116646,116761
B,64,116609,116782
B,50,116795,116803
B,64,116297,116814
B,28,116816,116822
B,97,116826,116831
B,38,116826,116832
B,37,116836,116846
B,64,116733,116846
B,64,116244,116878
B,28,116873,116879
B,2,116900,116906
B,64,116734,116910
B,28,116372,116911
B,64,116699,116942
B,64,116786,116974
B,18,116971,116979
B,64,116820,117006
B,19,116983,117009
B,2,116997,117011
B,37,117011,117025
B,91,117005,117027
B,64,116361,117038
B,28,117039,117045
B,15,117043,117055
B,64,116835,117070
B,28,117053,117085
B,64,116495,117102
B,56,117099,117107
B,28,117086,117117
B,64,116869,117134
B,38,117131,117141
B,28,116383,117149
B,37,117151,117165
B,64,116878,117166
B,29,116493,117170
B,36,117161,117171
B,28,117091,117181
B,64,116973,117198
B,54,117196,117206
B,81,117204,117212
B,28,116446,117213
B,64,117050,117230
B,39,117218,117232
B,28,117107,117245
B,64,116697,117262
B,1,117260,117270
B,3,117261,117271
B,28,116696,117277
B,64,117048,117294
B,21,117295,117301
B,28,116735,117309
B,10,116912,117316
B,64,117268,117326
B,2,117327,117333
B,39,117327,117337
B,28,116757,117341
B,64,117104,117358
B,28,117040,117373
B,36,117365,117377
B,10,117287,117378
B,0,117379,117385
B,64,117052,117390
B,28,117370,117405
B,25,117265,117410
B,64,117092,117422
B,28,117339,117437
B,96,117434,117446
B,64,117162,117454
B,80,117451,117457
B,15,117451,117463
B,28,117378,117469
B,64,116757,117486
B,28,117346,117501
B,37,117501,117515
B,64,117211,117518
B,28,117391,117533
B,52,117532,117544
B,64,117478,117550
B,39,117548,117562
B,28,117428,117565
B,1,117568,117582
B,64,117212,117582
B,28,117452,117597
B,64,117547,117614
B,36,117601,117615
B,0,117575,117616
B,28,117565,117629
B,64,117364,117646
B,1,117642,117652
B,28,117370,117661
B,64,117593,117678
B,2,117678,117688
B,38,117680,117690
B,28,117585,117693
B,64,117034,117710
B,28,117389,117725
B,64,117634,117742
B,28,117600,117757
B,1,117755,117765
B,64,117698,117774
B,28,117697,117789
B,64,117383,117806
B,28,117771,117821
B,36,117821,117835
B,64,117702,117838
B,28,117792,117853
B,37,117855,117869
B,64,117400,117870
B,28,117402,117885
B,64,117824,117902
B,28,117528,117917
B,39,117908,117918
B,0,117915,117921
B,4,117816,117926
B,1,117926,117932
B,64,117272,117934
B,28,117680,117949
B,64,117834,117966
B,74,117962,117970
B,28,117910,117981
B,64,117911,117998
B,62,117985,118013
B,28,117928,118013
B,10,117909,118018
B,97,118023,118027
B,64,117493,118030
B,28,117951,118045
B,64,118021,118062
B,0,118062,118068
B,28,117821,118077
B,64,117747,118094
B,28,117857,118109
B,29,118037,118112
B,64,117750,118126
B,72,118129,118135
B,28,118122,118141
B,46,118041,118145
B,64,116079,118158
B,28,117936,118173
B,29,118069,118174
B,37,118165,118175
B,64,118163,118190
B,12,116269,118200
B,28,118152,118205
B,64,118206,118222
B,28,118168,118237
B,36,116304,118238
B,64,117752,118254
B,49,116382,118263
B,28,118200,118269
B,46,118145,118270
B,64,118242,118286
B,1,116406,118297
B,28,118196,118301
B,22,118199,118303
B,64,117758,118318
B,76,116429,118326
B,28,118085,118333
B,2,118328,118338
B,64,117559,118350
B,38,116532,118360
B,28,118353,118365
B,64,116231,118382
B,77,116873,118391
B,28,118133,118397
B,37,118394,118404
B,64,118359,118414
B,2,116976,118421
B,28,118390,118429
B,37,118423,118436
B,0,118429,118443
B,64,117743,118446
B,12,117098,118452
B,28,118399,118461
B,64,117922,118478
B,37,118475,118481
B,39,118479,118485
B,78,117138,118490
B,28,118444,118493
B,64,118134,118510
B,37,118512,118518
B,0,118517,118523
B,28,118411,118525
B,64,117638,118542
B,42,117233,118550
B,28,118348,118557
B,52,118552,118564
B,64,118261,118574
B,36,118574,118584
B,28,118416,118589
B,29,118584,118592
B,37,118591,118597
B,64,117221,118606
B,36,118607,118619
B,28,118500,118621
B,44,118598,118630
B,64,118603,118638
B,28,118617,118653
B,39,118654,118668
B,64,117940,118670
B,1,118663,118673
B,39,118683,118700
B,64,117712,118702
B,18,118695,118703
B,71,118698,118704
B,0,118716,118722
B,28,118707,118733
B,64,118679,118734
B,19,118724,118742
B,64,118262,118766
B,37,118780,118790
B,64,118772,118798
B,27,118824,118830
B,64,117276,118830
B,64,118802,118862
B,37,117370,118876
B,64,118118,118894
B,28,118890,118896
B,39,117490,118904
B,37,118862,118908
B,64,117906,118926
B,28,118608,118928
B,3,117555,118933
B,96,118938,118950
B,64,118832,118958
B,3,118934,118965
B,1,117569,118969
B,64,118283,118990
B,60,118984,118994
B,97,118992,118996
B,36,118985,118997
B,3,118924,118997
B,64,118318,119022
B,1,117607,119025
B,28,119038,119048
B,39,119037,119051
B,64,117367,119054
B,36,119062,119072
B,1,119060,119074
B,64,118367,119086
B,2,117760,119096
B,28,119096,119102
B,64,118500,119118
B,18,119101,119136
B,97,119142,119146
B,38,119137,119147
B,64,118471,119150
B,28,118813,119151
B,39,119142,119152
B,55,119160,119170
B,64,118076,119182
B,36,119173,119183
B,28,119120,119183
B,64,118150,119214
B,28,119176,119215
B,22,119217,119232
B,64,118633,119246
B,56,119257,119265
B,39,119268,119278
B,64,117721,119278
B,28,119279,119285
B,64,119254,119310
B,64,118689,119342
B,28,119340,119350
B,64,118605,119374
B,29,119187,119378
B,28,119036,119382
B,64,118634,119406
B,28,119357,119414
B,64,118690,119438
B,28,119385,119446
B,64,118824,119470
B,28,119424,119478
B,38,119473,119479
B,64,118053,119502
B,28,119490,119510
B,64,119493,119534
B,1,119539,119545
B,37,119550,119556
B,0,119556,119562
B,64,118697,119566
B,28,119563,119573
B,64,118816,119598
B,97,119570,119599
B,39,119592,119602
B,29,119376,119602
B,28,119327,119605
B,37,119601,119615
B,64,119593,119630
B,28,119601,119637
B,36,119628,119642
B,64,118838,119662
B,38,119657,119663
B,28,119647,119669
B,64,119303,119694
B,0,119702,119708
B,64,118085,119726
B,28,119726,119732
B,36,119733,119747
B,64,119131,119758
B,42,118120,119772
B,1,119768,119774
B,28,119766,119776
B,64,118982,119790
B,72,119788,119794
B,83,118363,119800
B,97,119772,119802
B,28,119793,119808
B,64,118904,119822
B,10,119463,119830
B,77,118626,119833
B,28,119439,119840
B,16,119816,119844
B,65,119841,119845
B,64,119822,119854
B,0,118715,119867
B,28,119810,119872
B,64,119483,119886
B,85,118910,119896
B,64,119823,119918
B,41,118945,119926
B,28,119922,119932
B,36,119937,119947
B,3,119937,119947
B,64,118112,119950
B,43,118997,119959
B,18,119961,119969
B,28,119963,119973
B,1,119975,119981
B,64,119831,119982
B,28,119974,120005
B,81,120005,120013
B,64,119495,120014
B,97,120013,120017
B,39,119251,120019
B,28,120034,120040
B,64,119606,120046
B,0,119400,120055
B,62,120057,120070
B,28,119651,120072
B,64,119946,120078
B,1,119464,120085
B,45,119679,120086
B,2,120086,120100
B,39,120097,120103
B,28,119673,120104
B,64,119050,120110
B,37,120128,120134
B,28,120107,120136
B,64,119986,120142
B,15,120147,120159
B,1,120152,120162
B,28,119690,120168
B,64,119171,120174
B,10,119852,120180
B,28,119842,120200
B,64,120158,120206
B,5,119775,120214
B,1,120206,120216
B,28,120218,120232
B,64,120129,120238
B,36,119867,120254
B,28,120246,120264
B,64,119855,120270
B,1,120268,120274
B,29,120022,120274
B,85,119919,120281
B,28,119948,120296
B,64,120250,120302
B,6,120001,120312
B,28,120313,120328
B,29,120054,120329
B,64,119274,120334
B,38,120091,120343
B,28,120328,120360
B,64,120023,120366
B,62,120366,120370
B,1,120366,120372
B,28,120083,120392
B,64,119752,120398
B,29,120169,120401
B,28,120119,120424
B,64,120398,120430
B,45,120292,120436
B,38,120148,120442
B,28,120419,120456
B,21,120436,120457
B,64,120241,120462
B,6,120286,120473
B,52,120448,120478
B,91,120472,120484
B,28,120434,120488
B,3,120479,120493
B,64,119333,120494
B,85,120329,120504
B,28,120509,120520
B,1,120514,120521
B,64,120455,120526
B,48,120359,120536
B,0,120534,120544
B,97,120540,120544
B,28,120509,120552
B,64,119360,120558
B,28,120565,120584
B,35,120515,120587
B,17,120541,120588
B,64,120481,120590
B,0,120583,120593
B,50,120581,120612
B,64,120109,120622
B,28,120630,120646
B,64,120232,120654
B,63,120454,120655
B,39,120656,120666
B,37,120509,120668
B,28,120641,120678
B,64,120409,120686
B,28,120681,120710
B,59,120648,120715
B,64,120355,120718
B,28,120680,120742
B,37,120731,120745
B,64,120694,120750
B,1,120750,120760
B,63,120752,120760
B,43,120754,120764
B,62,120694,120771
B,28,120680,120774
B,64,120402,120782
B,63,120758,120792
B,43,120780,120796
B,23,120697,120808
B,64,120292,120814
B,1,120812,120818
B,10,120807,120819
B,63,120799,120824
B,52,120817,120829
B,28,120735,120835
B,79,120828,120838
B,82,120816,120845
B,64,120711,120846
B,63,120841,120856
B,64,120536,120878
B,36,120867,120879
B,63,120866,120888
B,43,120882,120892
B,64,120528,120910
B,43,120907,120924
B,17,120919,120935
B,64,119415,120942
B,43,120894,120956
B,64,119682,120974
B,63,120965,120981
B,43,120920,120988
B,39,120981,120995
B,64,119700,121006
B,63,120987,121013
B,59,121013,121025
B,0,121016,121034
B,64,119724,121038
B,43,121019,121039
B,63,121004,121045
B,80,121061,121067
B,17,121052,121068
B,64,120135,121070
B,43,121047,121071
B,63,121057,121077
B,64,120397,121102
B,63,121048,121109
B,3,121117,121123
B,43,121130,121134
B,7,121117,121135
B,63,121070,121141
B,36,121150,121160
B,3,121156,121162
B,43,121138,121166
B,63,121150,121173
B,43,121152,121198
B,63,121029,121205
B,63,121169,121237
B,43,121235,121247
B,63,121065,121269
B,43,121251,121279
B,63,121235,121301
B,43,121296,121312
B,36,121299,121313
B,2,121318,121324
B,63,121119,121333
B,43,121309,121344
B,0,121351,121361
B,63,121176,121365
B,43,121341,121376
B,37,121372,121382
B,63,121274,121397
B,38,121388,121402
B,43,121316,121408
B,39,121399,121409
B,63,121241,121429
B,43,121366,121440
B,88,121449,121459
B,63,121381,121461
B,22,121454,121462
B,43,121445,121472
B,63,121359,121493
B,43,121466,121504
B,89,121497,121509
B,63,121421,121525
B,94,121507,121537
B,63,121436,121557
B,38,121571,121577
B,43,121570,121578
B,63,121377,121589
B,43,121572,121610
B,63,121393,121621
B,43,121606,121642
B,63,121412,121653
B,0,121655,121669
B,73,121668,121674
B,3,121666,121676
B,43,121662,121682
B,63,121456,121685
B,37,121675,121689
B,80,121671,121706
B,43,121683,121714
B,63,121441,121717
B,38,121716,121722
B,74,121717,121725
B,3,121726,121732
B,0,121729,121735
B,81,121721,121740
B,43,121732,121746
B,63,121543,121749
B,4,121743,121757
B,0,121739,121767
B,79,121730,121768
B,43,121737,121778
B,38,121765,121779
B,63,121617,121781
B,2,121779,121785
B,46,121779,121789
B,43,121747,121810
B,63,121675,121813
B,43,121817,121842
B,63,121612,121845
B,36,121837,121847
B,2,121836,121850
B,43,121806,121874
B,37,121848,121875
B,63,121695,121877
B,43,121886,121906
B,2,121898,121908
B,63,121650,121909
B,0,121919,121933
B,43,121911,121938
B,21,121894,121938
B,63,121701,121941
B,37,121944,121950
B,52,121938,121950
B,43,121925,121970
B,63,121809,121973
B,0,121969,121983
B,43,121900,122002
B,63,121804,122005
B,43,122011,122034
B,63,121990,122037
B,23,122031,122041
B,43,122033,122066
B,63,121879,122069
B,44,122083,122097
B,43,122073,122098
B,0,122088,122102
B,1,122109,122119
B,38,122113,122119
B,43,122089,122130
B,2,122131,122145
B,63,122148,122160
B,43,122124,122162
B,38,122163,122169
B,39,122168,122178
B,2,122171,122181
B,63,122161,122192
B,43,122135,122194
B,79,122198,122208
B,81,122200,122208
B,3,122213,122225
B,43,122235,122243
B,63,122239,122251
B,43,122236,122275
B,43,122272,122307
B,38,122303,122309
B,63,122286,122314
B,0,122322,122328
B,43,122250,122339
B,37,122335,122349
B,43,122290,122371
B,88,122378,122388
B,63,122376,122392
B,80,122396,122402
B,43,122379,122403
B,1,122406,122412
B,36,122403,122421
B,63,122408,122424
B,43,122379,122435
B,36,122407,122453
B,63,122424,122456
B,39,122449,122459
B,1,122472,122482
B,80,122480,122486
B,0,122481,122495
B,43,122500,122508
B,0,122486,122527
B,43,122548,122556
B,0,122525,122559
B,43,122575,122588
B,63,122587,122595
B,0,122594,122604
B,38,122593,122608
B,43,122568,122620
B,1,122612,122626
B,63,122584,122627
B,14,122618,122628
B,38,122603,122640
B,43,122575,122652
B,3,122645,122659
B,63,122626,122659
B,39,122649,122663
B,36,122660,122674
B,43,122610,122684
B,0,122680,122690
B,63,122583,122691
B,1,122686,122700
B,43,122591,122716
B,63,122590,122723
B,0,122711,122725
B,43,122666,122748
B,39,122737,122751
B,63,122716,122755
B,37,122769,122775
B,43,122735,122780
B,1,122782,122792
B,37,122783,122807
B,2,122796,122810
B,43,122614,122812
B,0,122811,122817
B,18,122812,122820
B,89,122821,122833
B,63,122827,122839
B,43,122702,122844
B,63,122852,122871
B,43,122694,122876
B,63,122839,122903
B,36,122892,122904
B,43,122714,122908
B,63,122793,122935
B,43,122736,122940
B,90,122940,122952
B,57,122956,122964
B,1,122951,122965
B,63,122897,122967
B,43,122735,122972
B,79,122975,122979
B,39,122981,122995
B,63,122938,122999
B,43,122819,123004
B,57,123018,123026
B,63,122998,123031
B,43,122880,123036
B,63,122909,123063
B,43,122900,123068
B,45,123065,123077
B,36,123082,123094
B,63,123068,123095
B,43,122878,123100
B,63,123038,123127
B,43,123080,123132
B,63,123036,123159
B,3,123151,123161
B,43,122767,123164
B,80,123175,123181
B,36,123171,123185
B,63,123017,123191
B,43,122929,123196
B,21,123200,123206
B,73,123176,123213
B,63,123088,123223
B,43,123111,123228
B,16,123220,123234
B,72,123239,123245
B,2,123241,123251
B,63,123056,123255
B,37,123176,123258
B,43,123047,123260
B,63,123187,123287
B,43,123113,123292
B,2,123279,123293
B,63,123263,123319
B,43,123063,123324
B,57,123329,123337
B,74,123331,123339
B,63,123233,123351
B,43,123084,123356
B,82,123355,123365
B,63,123292,123383
B,43,123190,123388
B,63,123335,123415
B,43,122967,123420
B,8,123379,123420
B,63,123420,123447
B,43,123307,123452
B,63,123051,123479
B,43,123146,123484
B,63,123479,123511
B,43,123328,123516
B,38,123526,123536
B,63,123209,123543
B,43,123154,123548
B,38,123532,123568
B,63,123315,123575
B,43,123541,123580
B,79,123582,123592
B,72,123585,123593
B,63,123591,123607
B,43,123235,123612
B,0,123618,123624
B,63,123582,123639
B,3,123634,123640
B,43,123323,123644
B,63,123647,123671
B,43,123633,123676
B,63,123688,123703
B,43,123233,123708
B,36,123700,123712
B,9,123698,123712
B,82,123727,123735
B,43,123637,123740
B,1,123750,123756
B,63,123749,123761
B,43,123760,123772
B,43,123376,123804
B,63,123788,123804
B,1,123793,123807
B,2,123810,123824
B,43,123814,123836
B,63,123825,123836
B,1,123800,123839
B,43,123481,123868
B,2,123865,123871
B,63,123878,123886
B,43,123848,123900
B,63,123882,123918
B,43,123299,123932
B,63,123899,123950
B,43,123808,123964
B,36,123955,123967
B,63,123972,123982
B,93,123986,123992
B,43,123910,123996
B,63,123958,124014
B,2,124011,124025
B,43,123436,124028
B,15,124019,124031
B,63,123892,124046
B,43,124013,124060
B,1,124055,124071
B,63,124013,124078
B,43,123201,124092
B,1,124101,124107
B,63,123946,124110
B,46,124103,124113
B,43,124006,124124
B,63,124078,124142
B,38,124147,124153
B,43,123380,124156
B,1,124144,124158
B,37,124156,124170
B,63,124054,124174
B,39,124175,124181
B,43,123898,124188
B,2,124151,124188
B,63,124104,124206
B,43,123961,124220
B,63,124220,124238
B,43,123942,124252
B,37,124242,124262
B,88,124257,124267
B,63,124190,124270
B,43,124220,124284
B,58,124276,124286
B,81,124279,124287
B,63,124122,124302
B,43,123302,124316
B,63,124310,124334
B,1,124335,124341
B,43,124259,124348
B,63,124335,124366
B,43,123862,124380
B,82,124373,124383
B,94,124384,124392
B,63,124365,124398
B,1,124400,124406
B,43,124401,124412
B,63,124418,124430
B,43,123839,124444
B,63,124425,124462
B,2,124465,124475
B,43,124172,124476
B,63,124448,124494
B,36,124495,124505
B,43,124341,124508
B,63,124463,124526
B,43,123592,124540
B,87,124536,124544
B,0,124535,124549
B,63,124548,124558
B,43,123678,124572
B,44,124566,124580
B,63,124535,124590
B,43,124017,124604
B,63,124567,124622
B,43,124588,124636
B,2,124647,124653
B,63,124632,124654
B,3,124643,124657
B,43,124181,124668
B,95,124659,124669
B,63,124622,124686
B,45,124677,124689
B,39,124679,124693
B,43,124617,124700
B,23,124700,124710
B,63,124700,124718
B,43,124718,124732
B,63,124577,124750
B,43,124014,124764
B,93,124773,124779
B,63,124755,124782
B,43,124329,124796
B,39,124785,124799
B,51,124627,124811
B,43,123617,124828
B,63,124657,124838
B,88,124829,124847
B,43,124847,124860
B,63,124766,124870
B,88,124875,124885
B,43,124277,124892
B,63,124713,124902
B,43,123709,124924
B,63,124908,124934
B,0,124933,124947
B,37,124945,124955
B,43,124835,124956
B,0,124944,124979
B,43,124874,124988
B,81,124994,125002
B,43,124972,125020
B,43,124429,125052
B,38,125061,125071
B,37,125062,125076
B,90,125037,125082
B,36,124217,125084
B,43,125061,125084
B,45,125072,125084
B,63,125077,125085
B,39,125084,125090
B,3,125095,125105
B,36,124288,125116
B,43,124142,125116
B,44,125106,125120
B,43,125092,125148
B,3,125136,125148
B,43,124901,125180
B,36,125179,125191
B,43,125116,125212
B,63,125211,125227
B,38,125223,125239
B,43,125210,125244
B,3,125238,125248
B,63,125225,125259
B,43,123729,125276
B,21,125277,125283
B,1,125283,125293
B,43,125294,125308
B,89,125308,125320
B,63,125309,125321
